<?xml version="1.0"?>
<ConformanceContext UUID="6d5f5874-1d67-4252-be33-d55a0a39da32"><MetaData Name="IZ Profiles" OrgName="NIST" Version="No Version Info" Date="2016/09/27 00:00:00" /><Predicates><Datatype><ByID ID="CX_IZ_001"><Predicate ID="CX_IZ_001.3" Target="3[1]" TrueUsage="O" FalseUsage="X"><Description>If CX.2 (Check Digit) is valued.</Description><Condition>
                        <Presence Path="2[1]" />
                    </Condition></Predicate></ByID><ByID ID="XON_IZ_001"><Predicate ID="XON_IZ_001.6" Target="6[1]" TrueUsage="R" FalseUsage="O"><Description>If XON.10 (Organization Identifier) is valued.</Description><Condition>
                        <Presence Path="10[1]" />
                    </Condition></Predicate><Predicate ID="XON_IZ_001.7" Target="7[1]" TrueUsage="R" FalseUsage="X"><Description>If XON.10 (Organization Identifier) is valued.</Description><Condition>
                        <Presence Path="10[1]" />
                    </Condition></Predicate><Predicate ID="XON_IZ_001.10" Target="10[1]" TrueUsage="R" FalseUsage="RE"><Description>If XON.1 (Organization Name) is not valued.</Description><Condition>
                        <NOT>
                            <Presence Path="1[1]" />
                        </NOT>
                    </Condition></Predicate></ByID><ByID ID="XTN_IZ_001"><Predicate ID="XTN_IZ_001.4" Target="4[1]" TrueUsage="R" FalseUsage="X"><Description>If the value of XTN.2 (Telecommunication Use Code) is 'NET'.</Description><Condition>
                        <PlainText IgnoreCase="false" Path="2[1]" Text="NET" />
                    </Condition></Predicate><Predicate ID="XTN_IZ_001.6" Target="6[1]" TrueUsage="RE" FalseUsage="X"><Description>If the value of XTN.2 (Telecommunication Use Code) is not 'NET'.</Description><Condition>
                        <NOT>
                            <PlainText IgnoreCase="false" Path="2[1]" Text="NET" />
                        </NOT>
                    </Condition></Predicate><Predicate ID="XTN_IZ_001.7" Target="7[1]" TrueUsage="R" FalseUsage="X"><Description>If the value of XTN.2 (Telecommunication Use Code) is not 'NET'.</Description><Condition>
                        <NOT>
                            <PlainText IgnoreCase="false" Path="2[1]" Text="NET" />
                        </NOT>
                    </Condition></Predicate></ByID><ByID ID="XCN_IZ_001"><Predicate ID="XCN_IZ_001.1" Target="1[1]" TrueUsage="R" FalseUsage="RE"><Description>If XCN.2.1 (Surname) and  XCN.3 (Given Name) are not valued.</Description><Condition>
                        <AND>
                            <NOT>
                                <Presence Path="2[1].1[1]" />
                            </NOT>
                            <NOT>
                                <Presence Path="3[1]" />
                            </NOT>
                        </AND>
                    </Condition></Predicate><Predicate ID="XCN_IZ_001.9" Target="9[1]" TrueUsage="R" FalseUsage="X"><Description>If XCN.1 (Identifier) is valued.</Description><Condition>
                        <Presence Path="1[1]" />
                    </Condition></Predicate><Predicate ID="XCN_IZ_001.12" Target="12[1]" TrueUsage="O" FalseUsage="X"><Description>If XCN.11 (Check Digit Identifer) is valued.</Description><Condition>
                        <Presence Path="11[1]" />
                    </Condition></Predicate><Predicate ID="XCN_IZ_001.13" Target="13[1]" TrueUsage="R" FalseUsage="X"><Description>If XCN.1 (ID number) is valued.</Description><Condition>
                        <Presence Path="1[1]" />
                    </Condition></Predicate></ByID><ByID ID="EI_IZ_001"><Predicate ID="EI_IZ_001.2" Target="2[1]" TrueUsage="R" FalseUsage="O"><Description>If EI.3 (Universal ID) is not valued.</Description><Condition>
                        <NOT>
                            <Presence Path="3[1]" />
                        </NOT>
                    </Condition></Predicate><Predicate ID="EI_IZ_001.3" Target="3[1]" TrueUsage="R" FalseUsage="O"><Description>If EI.2 (Namespace ID) is not valued.</Description><Condition>
                        <NOT>
                            <Presence Path="2[1]" />
                        </NOT>
                    </Condition></Predicate><Predicate ID="EI_IZ_001.4" Target="4[1]" TrueUsage="R" FalseUsage="X"><Description>If EI.3 (Universal ID) is valued.</Description><Condition>
                        <Presence Path="3[1]" />
                    </Condition></Predicate></ByID><ByID ID="CWE_IZ_001"><Predicate ID="CWE_IZ_001.3" Target="3[1]" TrueUsage="R" FalseUsage="X"><Description>If CWE.1 (Identifier) is valued.</Description><Condition>
                        <Presence Path="1[1]" />
                    </Condition></Predicate><Predicate ID="CWE_IZ_001.5" Target="5[1]" TrueUsage="RE" FalseUsage="X"><Description>If CWE.4 (Alternate Identifier) is valued.</Description><Condition>
                        <Presence Path="4[1]" />
                    </Condition></Predicate><Predicate ID="CWE_IZ_001.6" Target="6[1]" TrueUsage="R" FalseUsage="X"><Description>If CWE.4 (Alternate Identifier) is valued.</Description><Condition>
                        <Presence Path="4[1]" />
                    </Condition></Predicate></ByID><ByID ID="XCN_IZ_002"><Predicate ID="XCN_IZ_002.1" Target="1[1]" TrueUsage="R" FalseUsage="RE"><Description>If XCN.2.1 (Surname) and  XCN.3 (Given Name) are not valued.</Description><Condition>
                        <AND>
                            <NOT>
                                <Presence Path="2[1].1[1]" />
                            </NOT>
                            <NOT>
                                <Presence Path="3[1]" />
                            </NOT>
                        </AND>
                    </Condition></Predicate><Predicate ID="XCN_IZ_002.9" Target="9[1]" TrueUsage="R" FalseUsage="X"><Description>If XCN.1 (Identifier) is valued.</Description><Condition>
                        <Presence Path="1[1]" />
                    </Condition></Predicate><Predicate ID="XCN_IZ_002.12" Target="12[1]" TrueUsage="O" FalseUsage="X"><Description>If XCN.11 (Check Digit Identifer) is valued.</Description><Condition>
                        <Presence Path="11[1]" />
                    </Condition></Predicate></ByID><ByID ID="HD_IZ_001"><Predicate ID="HD_IZ_001.1" Target="1[1]" TrueUsage="R" FalseUsage="O"><Description>If HD.2 (Universal ID) is not valued.</Description><Condition>
                        <NOT>
                            <Presence Path="2[1]" />
                        </NOT>
                    </Condition></Predicate><Predicate ID="HD_IZ_001.2" Target="2[1]" TrueUsage="R" FalseUsage="O"><Description>If HD.1 (Namespace ID) is not valued.</Description><Condition>
                        <NOT>
                            <Presence Path="1[1]" />
                        </NOT>
                    </Condition></Predicate><Predicate ID="HD_IZ_001.3" Target="3[1]" TrueUsage="R" FalseUsage="X"><Description>If HD.2 (Universal ID) is valued.</Description><Condition>
                        <Presence Path="2[1]" />
                    </Condition></Predicate></ByID><ByID ID="CE_IZ_001"><Predicate ID="CE_IZ_001.5" Target="5[1]" TrueUsage="RE" FalseUsage="X"><Description>If CE.4 (Alternate Identifier) is valued.</Description><Condition>
                        <Presence Path="4[1]" />
                    </Condition></Predicate><Predicate ID="CE_IZ_001.6" Target="6[1]" TrueUsage="R" FalseUsage="X"><Description>If CE.4 (Alternate Identifier) is valued.</Description><Condition>
                        <Presence Path="4[1]" />
                    </Condition></Predicate></ByID><ByID ID="EI_IZ_Z31"><Predicate ID="EI_IZ_Z31.2" Target="2[1]" TrueUsage="R" FalseUsage="O"><Description>If EI.3 (Universal ID) is not valued.</Description><Condition>
                        <NOT>
                            <Presence Path="3[1]" />
                        </NOT>
                    </Condition></Predicate><Predicate ID="EI_IZ_Z31.3" Target="3[1]" TrueUsage="R" FalseUsage="O"><Description>If EI.2 (Namespace ID) is not valued.</Description><Condition>
                        <NOT>
                            <Presence Path="2[1]" />
                        </NOT>
                    </Condition></Predicate><Predicate ID="EI_IZ_Z31.4" Target="4[1]" TrueUsage="R" FalseUsage="X"><Description>If EI.3 (Universal ID) is valued.</Description><Condition>
                        <Presence Path="3[1]" />
                    </Condition></Predicate></ByID><ByID ID="ERL_IZ_001"><Predicate ID="ERL_IZ_001.3" Target="3[1]" TrueUsage="R" FalseUsage="RE"><Description>If ERL.4 (Field Repetition) is valued.</Description><Condition>
                        <Presence Path="4[1]" />
                    </Condition></Predicate><Predicate ID="ERL_IZ_001.4" Target="4[1]" TrueUsage="R" FalseUsage="RE"><Description>If ERL.5 (Component Number) is valued.</Description><Condition>
                        <Presence Path="5[1]" />
                    </Condition></Predicate><Predicate ID="ERL_IZ_001.5" Target="5[1]" TrueUsage="R" FalseUsage="RE"><Description>If ERL.6 (Sub-Component Number) is valued.</Description><Condition>
                        <Presence Path="6[1]" />
                    </Condition></Predicate></ByID></Datatype><Segment><ByID ID="PID_IZ_Z31"><Predicate ID="PID_IZ_Z31-25" Target="25[1]" TrueUsage="RE" FalseUsage="O"><Description>If the value of PID-24 (Multiple Birth Indicator) is 'Y'.</Description><Condition>
                        <PlainText IgnoreCase="false" Path="24[1]" Text="Y" />
                    </Condition></Predicate><Predicate ID="PID_IZ_Z31-29" Target="29[1]" TrueUsage="RE" FalseUsage="X"><Description>If the value of PID-30 (Patient Death Indicator) is 'Y'.</Description><Condition>
                        <PlainText IgnoreCase="false" Path="30[1]" Text="Y" />
                    </Condition></Predicate></ByID><ByID ID="RXA_IZ_001"><Predicate ID="RXA_IZ_001-7" Target="7[1]" TrueUsage="R" FalseUsage="X"><Description>If the value of RXA-6 (Administered Amount) is not '999'.</Description><Condition>
                        <NOT>
                            <PlainText IgnoreCase="false" Path="6[1]" Text="999" />
                        </NOT>
                    </Condition></Predicate><Predicate ID="RXA_IZ_001-9" Target="9[1]" TrueUsage="R" FalseUsage="O"><Description>If the value of RXA-20 (Completion Status) is one of List Values: 'CP','PA'.</Description><Condition>
                        <StringList CSV="CP,PA" Path="20[1]" />
                    </Condition></Predicate><Predicate ID="RXA_IZ_001-10" Target="10[1]" TrueUsage="RE" FalseUsage="O"><Description>If the value of RXA-9.1 (Identifier) is '00' AND if the value of RXA-20 (Completion Status) is one of List Values: 'CP','PA'.</Description><Condition>
                        <AND>
                            <PlainText IgnoreCase="false" Path="9[1].1[1]" Text="00" />
                            <StringList CSV="CP,PA" Path="20[1]" />
                        </AND>
                    </Condition></Predicate><Predicate ID="RXA_IZ_001-11" Target="11[1]" TrueUsage="RE" FalseUsage="O"><Description>If the value of RXA-9.1 (Identifier) is '00' AND if the value of RXA-20 (Completion Status) is one of List Values: 'CP','PA'.</Description><Condition>
                        <AND>
                            <PlainText IgnoreCase="false" Path="9[1].1[1]" Text="00" />
                            <StringList CSV="CP,PA" Path="20[1]" />
                        </AND>
                    </Condition></Predicate><Predicate ID="RXA_IZ_001-15" Target="15[1]" TrueUsage="R" FalseUsage="O"><Description>If the value of RXA-9.1 (Identifier) is '00' AND if RXA-9.1 (Identifier) is valued AND if the value of RXA-20 (Completion Status) is one of List Values: 'CP','PA' AND if RXA-20 (Completion Status) is valued.</Description><Condition>
                        <AND>
                            <PlainText IgnoreCase="false" Path="9[1].1[1]" Text="00" />
                            <AND>
                                <Presence Path="9[1].1[1]" />
                                <AND>
                                    <StringList CSV="CP,PA" Path="20[1]" />
                                    <Presence Path="20[1]" />
                                </AND>
                            </AND>
                        </AND>
                    </Condition></Predicate><Predicate ID="RXA_IZ_001-16" Target="16[1]" TrueUsage="RE" FalseUsage="O"><Description>If RXA-15 (Substance Lot Number) is valued.</Description><Condition>
                        <Presence Path="15[1]" />
                    </Condition></Predicate><Predicate ID="RXA_IZ_001-17" Target="17[1]" TrueUsage="R" FalseUsage="O"><Description>If RXA-9.1 (Identifier) is valued AND if the value of RXA-9.1 (Identifier) is '00'.</Description><Condition>
                        <AND>
                            <Presence Path="9[1].1[1]" />
                            <PlainText IgnoreCase="false" Path="9[1].1[1]" Text="00" />
                        </AND>
                    </Condition></Predicate><Predicate ID="RXA_IZ_001-18" Target="18[1]" TrueUsage="R" FalseUsage="X"><Description>If RXA-20 (Completion Status) is valued AND if the value of RXA-20 (Completion Status) is 'RE'.</Description><Condition>
                        <AND>
                            <Presence Path="20[1]" />
                            <PlainText IgnoreCase="false" Path="20[1]" Text="RE" />
                        </AND>
                    </Condition></Predicate></ByID><ByID ID="PD1_IZ_002"><Predicate ID="PD1_IZ_002-13" Target="13[1]" TrueUsage="RE" FalseUsage="X"><Description>If PD1-12 (Protection Indicator) is valued.</Description><Condition>
                        <Presence Path="12[1]" />
                    </Condition></Predicate><Predicate ID="PD1_IZ_002-17" Target="17[1]" TrueUsage="RE" FalseUsage="X"><Description>If PD1-16 (Immunization Registry Status) is valued.</Description><Condition>
                        <Presence Path="16[1]" />
                    </Condition></Predicate><Predicate ID="PD1_IZ_002-18" Target="18[1]" TrueUsage="RE" FalseUsage="X"><Description>If PD1-11 (Publicity Code) is valued.</Description><Condition>
                        <Presence Path="11[1]" />
                    </Condition></Predicate></ByID><ByID ID="OBX_IZ_001"><Predicate ID="OBX_IZ_001-6" Target="6[1]" TrueUsage="R" FalseUsage="O"><Description>If the value of OBX-2 (Value Type) is 'NM'.</Description><Condition>
                        <PlainText IgnoreCase="false" Path="2[1]" Text="NM" />
                    </Condition></Predicate><Predicate ID="OBX_IZ_001-17" Target="17[1]" TrueUsage="RE" FalseUsage="O"><Description>If the value of OBX-3.1 (Identifier) is '64994-7'.</Description><Condition>
                        <PlainText IgnoreCase="false" Path="3[1].1[1]" Text="64994-7" />
                    </Condition></Predicate></ByID><ByID ID="PID_IZ_Z32"><Predicate ID="PID_IZ_Z32-25" Target="25[1]" TrueUsage="RE" FalseUsage="O"><Description>If the value of PID-24 (Multiple Birth Indicator) is 'Y'.</Description><Condition>
                        <PlainText IgnoreCase="false" Path="24[1]" Text="Y" />
                    </Condition></Predicate><Predicate ID="PID_IZ_Z32-29" Target="29[1]" TrueUsage="RE" FalseUsage="X"><Description>If the value of PID-30 (Patient Death Indicator) is 'Y'.</Description><Condition>
                        <PlainText IgnoreCase="false" Path="30[1]" Text="Y" />
                    </Condition></Predicate></ByID><ByID ID="PD1_IZ_001"><Predicate ID="PD1_IZ_001-13" Target="13[1]" TrueUsage="RE" FalseUsage="X"><Description>If PD1-12 (Protection Indicator) is valued.</Description><Condition>
                        <Presence Path="12[1]" />
                    </Condition></Predicate><Predicate ID="PD1_IZ_001-17" Target="17[1]" TrueUsage="RE" FalseUsage="X"><Description>If PD1-16 (Immunization Registry Status) is valued.</Description><Condition>
                        <Presence Path="16[1]" />
                    </Condition></Predicate><Predicate ID="PD1_IZ_001-18" Target="18[1]" TrueUsage="RE" FalseUsage="X"><Description>If PD1-11 (Publicity Code) is valued.</Description><Condition>
                        <Presence Path="11[1]" />
                    </Condition></Predicate></ByID></Segment><Group /><Message><ByID ID="56f2b2a2e4b02b9a31929ebb"><Predicate ID="RSP_K11.ORDER.1.12" Target="1[1].12[1]" TrueUsage="RE" FalseUsage="O"><Description>If the value of RXA-9.1 (Identifier) is '00' AND if RXA-9.1 (Identifier) is valued AND if the value of RXA-20 (Completion Status) is one of List Values: 'CP','PA' AND if RXA-20 (Completion Status) is valued.</Description><Condition>
                        <AND>
                            <PlainText IgnoreCase="false" Path="3[1].9[1].1[1]" Text="00" />
                            <AND>
                                <Presence Path="3[1].9[1].1[1]" />
                                <AND>
                                    <StringList CSV="CP,PA" Path="3[1].20[1]" />
                                    <Presence Path="3[1].20[1]" />
                                </AND>
                            </AND>
                        </AND>
                    </Condition></Predicate></ByID></Message></Predicates><Constraints><Datatype><ByID ID="EI_IZ_Z31"><Constraint ID="IZ-3" Target="3[1]"><Description>The value of EI.3 (Universal ID) SHALL be formatted with ISO-compliant OID.</Description><Assertion>
                        <Format Path="3[1]" Regex="[0-2](\.(0|[1-9][0-9]*))*" />
                    </Assertion></Constraint><Constraint ID="IZ-4" Target="4[1]"><Description>The value of EI.4 (Universal ID Type) SHALL be 'ISO'.</Description><Assertion>
                        <PlainText IgnoreCase="false" Path="4[1]" Text="ISO" />
                    </Assertion></Constraint></ByID><ByID ID="EI_IZ_001"><Constraint ID="IZ-3" Target="3[1]"><Description>The value of EI.3 (Universal ID) SHALL be formatted with ISO-compliant OID.</Description><Assertion>
                        <Format Path="3[1]" Regex="[0-2](\.(0|[1-9][0-9]*))*" />
                    </Assertion></Constraint><Constraint ID="IZ-4" Target="4[1]"><Description>The value of EI.4 (Universal ID Type) SHALL be 'ISO'.</Description><Assertion>
                        <PlainText IgnoreCase="false" Path="4[1]" Text="ISO" />
                    </Assertion></Constraint></ByID><ByID ID="HD_IZ_001"><Constraint ID="IZ-5" Target="2[1]"><Description>The value of HD.2 (Universal ID) SHALL be formatted with ISO-compliant OID.</Description><Assertion>
                        <Format Path="2[1]" Regex="[0-2](\.(0|[1-9][0-9]*))*" />
                    </Assertion></Constraint><Constraint ID="IZ-6" Target="3[1]"><Description>The value of HD.3 (Universal ID Type) SHALL be 'ISO'.</Description><Assertion>
                        <PlainText IgnoreCase="false" Path="3[1]" Text="ISO" />
                    </Assertion></Constraint></ByID><ByID ID="XPN_IZ_M"><Constraint ID="IZ-66" Target="7[1]"><Description>The value of XPN.7 (Name Type Code) SHALL be 'M'.</Description><Assertion>
                        <PlainText IgnoreCase="false" Path="7[1]" Text="M" />
                    </Assertion></Constraint></ByID></Datatype><Segment><ByID ID="RXA_IZ_001"><Constraint ID="IZ-28" Target="1[1]"><Description>The value of RXA-1 (Give Sub-ID Counter) SHALL be '0'.</Description><Assertion>
                        <PlainText IgnoreCase="false" Path="1[1]" Text="0" />
                    </Assertion></Constraint><Constraint ID="IZ-TS_NZ" Target="3[1]"><Description>The value of RXA-3.1 (Time) SHALL be formatted with YYYYMMDD.</Description><Assertion>
                        <Format Path="3[1].1[1]" Regex="((([0-9]{4})((0[1-9])|(1[0-2]))((0[1-9])|([1-2][0-9])|(3[0-1])))|(([0-9]{4})((0[1-9])|(1[0-2]))((0[1-9])|([1-2][0-9])|(3[0-1]))(([0-1][0-9])|(2[0-3])))|(([0-9]{4})((0[1-9])|(1[0-2]))((0[1-9])|([1-2][0-9])|(3[0-1]))(([0-1][0-9])|(2[0-3]))([0-5][0-9]))|(([0-9]{4})((0[1-9])|(1[0-2]))((0[1-9])|([1-2][0-9])|(3[0-1]))(([0-1][0-9])|(2[0-3]))([0-5][0-9])([0-5][0-9]))|(([0-9]{4})((0[1-9])|(1[0-2]))((0[1-9])|([1-2][0-9])|(3[0-1]))(([0-1][0-9])|(2[0-3]))([0-5][0-9])([0-5][0-9])\.[0-9][0-9][0-9][0-9]))" />
                    </Assertion></Constraint><Constraint ID="IZ-30" Target="4[1]"><Description>If RXA-4.1 (Time) is valued, then RXA.4.1 (Time) SHALL be identical to the RXA-3.1 (Time).</Description><Assertion>
                        <OR>
                            <NOT>
                                <Presence Path="4[1].1[1]" />
                            </NOT>
                            <PathValue Operator="EQ" Path1="4[1].1[1]" Path2="3[1].1[1]" />
                        </OR>
                    </Assertion></Constraint><Constraint ID="IZ-TS_NZ" Target="4[1]"><Description>The value of RXA-4.1 (Time) SHALL be formatted with YYYYMMDD.</Description><Assertion>
                        <Format Path="4[1].1[1]" Regex="((([0-9]{4})((0[1-9])|(1[0-2]))((0[1-9])|([1-2][0-9])|(3[0-1])))|(([0-9]{4})((0[1-9])|(1[0-2]))((0[1-9])|([1-2][0-9])|(3[0-1]))(([0-1][0-9])|(2[0-3])))|(([0-9]{4})((0[1-9])|(1[0-2]))((0[1-9])|([1-2][0-9])|(3[0-1]))(([0-1][0-9])|(2[0-3]))([0-5][0-9]))|(([0-9]{4})((0[1-9])|(1[0-2]))((0[1-9])|([1-2][0-9])|(3[0-1]))(([0-1][0-9])|(2[0-3]))([0-5][0-9])([0-5][0-9]))|(([0-9]{4})((0[1-9])|(1[0-2]))((0[1-9])|([1-2][0-9])|(3[0-1]))(([0-1][0-9])|(2[0-3]))([0-5][0-9])([0-5][0-9])\.[0-9][0-9][0-9][0-9]))" />
                    </Assertion></Constraint><Constraint ID="IZ-48" Target="6[1]"><Description>If RXA-20 (Completion Status) is valued and the value of RXA-20 (Completion Status) is 'RE' then the value of RXA-6 (Administered Amount) SHALL be '999'.</Description><Assertion>
                        <OR>
                            <NOT>
                                <AND>
                                    <Presence Path="20[1]" />
                                    <PlainText IgnoreCase="false" Path="20[1]" Text="RE" />
                                </AND>
                            </NOT>
                            <PlainText IgnoreCase="false" Path="6[1]" Text="999" />
                        </OR>
                    </Assertion></Constraint><Constraint ID="IZ-49" Target="6[1]"><Description>If RXA-5.1 (Identifier) is valued and the value of RXA-5.1 (Identifier) is '998' then the value of RXA-6 (Administered Amount) SHALL be '999'.</Description><Assertion>
                        <OR>
                            <NOT>
                                <AND>
                                    <Presence Path="5[1].1[1]" />
                                    <PlainText IgnoreCase="false" Path="5[1].1[1]" Text="998" />
                                </AND>
                            </NOT>
                            <PlainText IgnoreCase="false" Path="6[1]" Text="999" />
                        </OR>
                    </Assertion></Constraint><Constraint ID="IZ-31" Target="9[1]"><Description>If RXA-20 (Completion Status) is valued and the value of RXA-20 (Completion Status) is one of List Values: 'CP','PA' then the value of RXA-9.1 (Identifier) SHALL be one of codes listed in the Value Set: NIP001.</Description><Assertion>
                        <OR>
                            <NOT>
                                <AND>
                                    <Presence Path="20[1]" />
                                    <StringList CSV="CP,PA" Path="20[1]" />
                                </AND>
                            </NOT>
                            <StringList CSV="00,01,02,03,04,05,06,07,08" Path="9[1].1[1]" />
                        </OR>
                    </Assertion></Constraint><Constraint ID="IZ-47" Target="9[1]"><Description>If RXA-20 (Completion Status) is not valued or the value of RXA-20 (Completion Status) is not one of List Values: 'CP','PA' then RXA-9.1 (Identifier) SHALL NOT be valued.</Description><Assertion>
                        <OR>
                            <NOT>
                                <OR>
                                    <NOT>
                                        <Presence Path="20[1]" />
                                    </NOT>
                                    <NOT>
                                        <StringList CSV="CP,PA" Path="20[1]" />
                                    </NOT>
                                </OR>
                            </NOT>
                            <NOT>
                                <Presence Path="9[1].1[1]" />
                            </NOT>
                        </OR>
                    </Assertion></Constraint><Constraint ID="IZ-TS_M" Target="16[1]"><Description>The value of RXA-16.1 (Time) SHALL be formatted with YYYYMM.</Description><Assertion>
                        <Format Path="16[1].1[1]" Regex="((([0-9]{4})((0[1-9])|(1[0-2])))|(([0-9]{4})((0[1-9])|(1[0-2]))((0[1-9])|([1-2][0-9])|(3[0-1])))|(([0-9]{4})((0[1-9])|(1[0-2]))((0[1-9])|([1-2][0-9])|(3[0-1]))(([0-1][0-9])|(2[0-3])))|(([0-9]{4})((0[1-9])|(1[0-2]))((0[1-9])|([1-2][0-9])|(3[0-1]))(([0-1][0-9])|(2[0-3]))([0-5][0-9]))|(([0-9]{4})((0[1-9])|(1[0-2]))((0[1-9])|([1-2][0-9])|(3[0-1]))(([0-1][0-9])|(2[0-3]))([0-5][0-9])([0-5][0-9]))|(([0-9]{4})((0[1-9])|(1[0-2]))((0[1-9])|([1-2][0-9])|(3[0-1]))(([0-1][0-9])|(2[0-3]))([0-5][0-9])([0-5][0-9])\.[0-9][0-9][0-9][0-9]))" />
                    </Assertion></Constraint><Constraint ID="IZ-32" Target="20[1]"><Description>If RXA-18[1] (Substance/Treatment Refusal Reason) is valued, then the value of RXA-20 (Completion Status) SHALL be 'RE'.</Description><Assertion>
                        <OR>
                            <NOT>
                                <Presence Path="18[1]" />
                            </NOT>
                            <PlainText IgnoreCase="false" Path="20[1]" Text="RE" />
                        </OR>
                    </Assertion></Constraint></ByID><ByID ID="MSH_IZ_Z31"><Constraint ID="IZ-12" Target="1[1]"><Description>The value of MSH-1 (Field Separator) SHALL be '|'.</Description><Assertion>
                        <PlainText IgnoreCase="false" Path="1[1]" Text="|" />
                    </Assertion></Constraint><Constraint ID="IZ-13" Target="2[1]"><Description>The value of MSH.2 (Encoding Characters) SHALL be '^~\&amp;'.</Description><Assertion><PlainText IgnoreCase="false" Path="2[1]" Text="^~\&amp;" /></Assertion></Constraint><Constraint ID="IZ-TS_Z" Target="7[1]"><Description>The value of MSH-7.1 (Time) SHALL be formatted with YYYYMMDDHHMMSS+-ZZZZ.</Description><Assertion>
                        <Format Path="7[1].1[1]" Regex="([0-9]{4})((0[1-9])|(1[0-2]))((0[1-9])|([1-2][0-9])|(3[0-1]))(([0-1][0-9])|(2[0-3]))([0-5][0-9])([0-5][0-9]).*((\+|\-)[0-9]{4})" />
                    </Assertion></Constraint><Constraint ID="IZ-59" Target="9[1]"><Description>The value of MSH-9 (Message Type) SHALL be 'RSP^K11^RSP_K11'.</Description><Assertion>
                        <AND>
                            <PlainText IgnoreCase="false" Path="9[1].1[1]" Text="RSP" />
                            <AND>
                                <PlainText IgnoreCase="false" Path="9[1].2[1]" Text="K11" />
                                <PlainText IgnoreCase="false" Path="9[1].3[1]" Text="RSP_K11" />
                            </AND>
                        </AND>
                    </Assertion></Constraint><Constraint ID="IZ-15" Target="12[1]"><Description>The value of MSH-12.1 (Version ID) SHALL be '2.5.1'.</Description><Assertion>
                        <PlainText IgnoreCase="false" Path="12[1].1[1]" Text="2.5.1" />
                    </Assertion></Constraint><Constraint ID="IZ-53" Target="15[1]"><Description>The value of MSH-15 (Accept Acknowledgment Type) SHALL be 'NE'.</Description><Assertion>
                        <PlainText IgnoreCase="false" Path="15[1]" Text="NE" />
                    </Assertion></Constraint><Constraint ID="IZ-52" Target="16[1]"><Description>The value of MSH-16 (Application Acknowledgment Type) SHALL be 'NE'.</Description><Assertion>
                        <PlainText IgnoreCase="false" Path="16[1]" Text="NE" />
                    </Assertion></Constraint><Constraint ID="IZ-61" Target="21[1]"><Description>The value of MSH-21 (Message Profile Identifier) SHALL be 'Z31^CDCPHINVS'.</Description><Assertion>
                        <AND>
                            <PlainText IgnoreCase="false" Path="21[1].1[1]" Text="Z31" />
                            <PlainText IgnoreCase="false" Path="21[1].2[1]" Text="CDCPHINVS" />
                        </AND>
                    </Assertion></Constraint></ByID><ByID ID="NK1_IZ_001"><Constraint ID="IZ-70" Target="1[1]"><Description>The Value of NK1-1 (Set ID-NK1) SHALL be valued sequentially starting with the value "1".</Description><Assertion>
                        <SetID Path="1[1]" />
                    </Assertion></Constraint></ByID><ByID ID="PID_IZ_Z42"><Constraint ID="IZ-46" Target="1[1]"><Description>The value of PID-1 (Set ID - PID) SHALL be '1'.</Description><Assertion>
                        <PlainText IgnoreCase="false" Path="1[1]" Text="1" />
                    </Assertion></Constraint><Constraint ID="IZ-TS_NZ" Target="7[1]"><Description>The value of PID-7.1 (Time) SHALL be formatted with YYYYMMDD.</Description><Assertion>
                        <Format Path="7[1].1[1]" Regex="((([0-9]{4})((0[1-9])|(1[0-2]))((0[1-9])|([1-2][0-9])|(3[0-1])))|(([0-9]{4})((0[1-9])|(1[0-2]))((0[1-9])|([1-2][0-9])|(3[0-1]))(([0-1][0-9])|(2[0-3])))|(([0-9]{4})((0[1-9])|(1[0-2]))((0[1-9])|([1-2][0-9])|(3[0-1]))(([0-1][0-9])|(2[0-3]))([0-5][0-9]))|(([0-9]{4})((0[1-9])|(1[0-2]))((0[1-9])|([1-2][0-9])|(3[0-1]))(([0-1][0-9])|(2[0-3]))([0-5][0-9])([0-5][0-9]))|(([0-9]{4})((0[1-9])|(1[0-2]))((0[1-9])|([1-2][0-9])|(3[0-1]))(([0-1][0-9])|(2[0-3]))([0-5][0-9])([0-5][0-9])\.[0-9][0-9][0-9][0-9]))" />
                    </Assertion></Constraint></ByID><ByID ID="PID_IZ_Z32"><Constraint ID="IZ-46" Target="1[1]"><Description>The value of PID-1 (Set ID - PID) SHALL be '1'.</Description><Assertion>
                        <PlainText IgnoreCase="false" Path="1[1]" Text="1" />
                    </Assertion></Constraint><Constraint ID="IZ-TS_NZ" Target="7[1]"><Description>The value of PID-7.1 (Time) SHALL be formatted with YYYYMMDD.</Description><Assertion>
                        <Format Path="7[1].1[1]" Regex="((([0-9]{4})((0[1-9])|(1[0-2]))((0[1-9])|([1-2][0-9])|(3[0-1])))|(([0-9]{4})((0[1-9])|(1[0-2]))((0[1-9])|([1-2][0-9])|(3[0-1]))(([0-1][0-9])|(2[0-3])))|(([0-9]{4})((0[1-9])|(1[0-2]))((0[1-9])|([1-2][0-9])|(3[0-1]))(([0-1][0-9])|(2[0-3]))([0-5][0-9]))|(([0-9]{4})((0[1-9])|(1[0-2]))((0[1-9])|([1-2][0-9])|(3[0-1]))(([0-1][0-9])|(2[0-3]))([0-5][0-9])([0-5][0-9]))|(([0-9]{4})((0[1-9])|(1[0-2]))((0[1-9])|([1-2][0-9])|(3[0-1]))(([0-1][0-9])|(2[0-3]))([0-5][0-9])([0-5][0-9])\.[0-9][0-9][0-9][0-9]))" />
                    </Assertion></Constraint></ByID><ByID ID="MSH_IZ_Z42"><Constraint ID="IZ-12" Target="1[1]"><Description>The value of MSH-1 (Field Separator) SHALL be '|'.</Description><Assertion>
                        <PlainText IgnoreCase="false" Path="1[1]" Text="|" />
                    </Assertion></Constraint><Constraint ID="IZ-13" Target="2[1]"><Description>The value of MSH.2 (Encoding Characters) SHALL be '^~\&amp;'.</Description><Assertion><PlainText IgnoreCase="false" Path="2[1]" Text="^~\&amp;" /></Assertion></Constraint><Constraint ID="IZ-TS_Z" Target="7[1]"><Description>The value of MSH-7.1 (Time) SHALL be formatted with YYYYMMDDHHMMSS+-ZZZZ.</Description><Assertion>
                        <Format Path="7[1].1[1]" Regex="([0-9]{4})((0[1-9])|(1[0-2]))((0[1-9])|([1-2][0-9])|(3[0-1]))(([0-1][0-9])|(2[0-3]))([0-5][0-9])([0-5][0-9]).*((\+|\-)[0-9]{4})" />
                    </Assertion></Constraint><Constraint ID="IZ-59" Target="9[1]"><Description>The value of MSH-9 (Message Type) SHALL be 'RSP^K11^RSP_K11'.</Description><Assertion>
                        <AND>
                            <PlainText IgnoreCase="false" Path="9[1].1[1]" Text="RSP" />
                            <AND>
                                <PlainText IgnoreCase="false" Path="9[1].2[1]" Text="K11" />
                                <PlainText IgnoreCase="false" Path="9[1].3[1]" Text="RSP_K11" />
                            </AND>
                        </AND>
                    </Assertion></Constraint><Constraint ID="IZ-15" Target="12[1]"><Description>The value of MSH-12.1 (Version ID) SHALL be '2.5.1'.</Description><Assertion>
                        <PlainText IgnoreCase="false" Path="12[1].1[1]" Text="2.5.1" />
                    </Assertion></Constraint><Constraint ID="IZ-53" Target="15[1]"><Description>The value of MSH-15 (Accept Acknowledgment Type) SHALL be 'NE'.</Description><Assertion>
                        <PlainText IgnoreCase="false" Path="15[1]" Text="NE" />
                    </Assertion></Constraint><Constraint ID="IZ-52" Target="16[1]"><Description>The value of MSH-16 (Application Acknowledgment Type) SHALL be 'NE'.</Description><Assertion>
                        <PlainText IgnoreCase="false" Path="16[1]" Text="NE" />
                    </Assertion></Constraint><Constraint ID="IZ-65" Target="21[1]"><Description>The value of MSH-21 (Message Profile Identifier) SHALL be 'Z42^CDCPHINVS'.</Description><Assertion>
                        <AND>
                            <PlainText IgnoreCase="false" Path="21[1].1[1]" Text="Z42" />
                            <PlainText IgnoreCase="false" Path="21[1].2[1]" Text="CDCPHINVS" />
                        </AND>
                    </Assertion></Constraint></ByID><ByID ID="PD1_IZ_002"><Constraint ID="IZ-DT_D" Target="17[1]"><Description>The value of PD1-17 (Immunization Registry Status Effective Date) SHALL be formatted with YYYYMMDD.</Description><Assertion>
                        <Format Path="17[1]" Regex="((([0-9]{4})((0[1-9])|(1[0-2]))((0[1-9])|([1-2][0-9])|(3[0-1])))|(([0-9]{4})((0[1-9])|(1[0-2]))((0[1-9])|([1-2][0-9])|(3[0-1]))(([0-1][0-9])|(2[0-3])))|(([0-9]{4})((0[1-9])|(1[0-2]))((0[1-9])|([1-2][0-9])|(3[0-1]))(([0-1][0-9])|(2[0-3]))([0-5][0-9]))|(([0-9]{4})((0[1-9])|(1[0-2]))((0[1-9])|([1-2][0-9])|(3[0-1]))(([0-1][0-9])|(2[0-3]))([0-5][0-9])([0-5][0-9]))|(([0-9]{4})((0[1-9])|(1[0-2]))((0[1-9])|([1-2][0-9])|(3[0-1]))(([0-1][0-9])|(2[0-3]))([0-5][0-9])([0-5][0-9])\.[0-9][0-9][0-9][0-9]))" />
                    </Assertion></Constraint><Constraint ID="IZ-DT_D" Target="18[1]"><Description>The value of PD1-18 (Publicity Code Effective Date) SHALL be formatted with YYYYMMDD.</Description><Assertion>
                        <Format Path="18[1]" Regex="((([0-9]{4})((0[1-9])|(1[0-2]))((0[1-9])|([1-2][0-9])|(3[0-1])))|(([0-9]{4})((0[1-9])|(1[0-2]))((0[1-9])|([1-2][0-9])|(3[0-1]))(([0-1][0-9])|(2[0-3])))|(([0-9]{4})((0[1-9])|(1[0-2]))((0[1-9])|([1-2][0-9])|(3[0-1]))(([0-1][0-9])|(2[0-3]))([0-5][0-9]))|(([0-9]{4})((0[1-9])|(1[0-2]))((0[1-9])|([1-2][0-9])|(3[0-1]))(([0-1][0-9])|(2[0-3]))([0-5][0-9])([0-5][0-9]))|(([0-9]{4})((0[1-9])|(1[0-2]))((0[1-9])|([1-2][0-9])|(3[0-1]))(([0-1][0-9])|(2[0-3]))([0-5][0-9])([0-5][0-9])\.[0-9][0-9][0-9][0-9]))" />
                    </Assertion></Constraint></ByID><ByID ID="QPD_IZ_Z42"><Constraint ID="IZ-68" Target="1[1]"><Description>The value of QPD-1 (Message Query Name) SHALL be 'Z44^Request Evaluated History and Forecast^CDCPHINVS'.</Description><Assertion>
                        <AND>
                            <PlainText IgnoreCase="false" Path="1[1].1[1]" Text="Z44" />
                            <AND>
                                <PlainText IgnoreCase="false" Path="1[1].2[1]" Text="Request Evaluated History and Forecast" />
                                <PlainText IgnoreCase="false" Path="1[1].3[1]" Text="CDCPHINVS" />
                            </AND>
                        </AND>
                    </Assertion></Constraint><Constraint ID="IZ-TS_NZ" Target="6[1]"><Description>The value of QPD-6.1 (Time) SHALL be formatted with YYYYMMDD.</Description><Assertion>
                        <Format Path="6[1].1[1]" Regex="((([0-9]{4})((0[1-9])|(1[0-2]))((0[1-9])|([1-2][0-9])|(3[0-1])))|(([0-9]{4})((0[1-9])|(1[0-2]))((0[1-9])|([1-2][0-9])|(3[0-1]))(([0-1][0-9])|(2[0-3])))|(([0-9]{4})((0[1-9])|(1[0-2]))((0[1-9])|([1-2][0-9])|(3[0-1]))(([0-1][0-9])|(2[0-3]))([0-5][0-9]))|(([0-9]{4})((0[1-9])|(1[0-2]))((0[1-9])|([1-2][0-9])|(3[0-1]))(([0-1][0-9])|(2[0-3]))([0-5][0-9])([0-5][0-9]))|(([0-9]{4})((0[1-9])|(1[0-2]))((0[1-9])|([1-2][0-9])|(3[0-1]))(([0-1][0-9])|(2[0-3]))([0-5][0-9])([0-5][0-9])\.[0-9][0-9][0-9][0-9]))" />
                    </Assertion></Constraint><Constraint ID="IZ-TS" Target="12[1]"><Description>The value of QPD-12.1 (Time) SHALL be formatted with YYYYMMDD.</Description><Assertion>
                        <Format Path="12[1].1[1]" Regex="((([0-9]{4})((0[1-9])|(1[0-2]))((0[1-9])|([1-2][0-9])|(3[0-1])))|(([0-9]{4})((0[1-9])|(1[0-2]))((0[1-9])|([1-2][0-9])|(3[0-1]))(([0-1][0-9])|(2[0-3])))|(([0-9]{4})((0[1-9])|(1[0-2]))((0[1-9])|([1-2][0-9])|(3[0-1]))(([0-1][0-9])|(2[0-3]))([0-5][0-9]))|(([0-9]{4})((0[1-9])|(1[0-2]))((0[1-9])|([1-2][0-9])|(3[0-1]))(([0-1][0-9])|(2[0-3]))([0-5][0-9])([0-5][0-9]))|(([0-9]{4})((0[1-9])|(1[0-2]))((0[1-9])|([1-2][0-9])|(3[0-1]))(([0-1][0-9])|(2[0-3]))([0-5][0-9])([0-5][0-9])\.[0-9][0-9][0-9][0-9]))" />
                    </Assertion></Constraint></ByID><ByID ID="QPD_IZ_Z32"><Constraint ID="IZ-67" Target="1[1]"><Description>The value of QPD-1 (Message Query Name) SHALL be 'Z34^Request Immunization History^CDCPHINVS'.</Description><Assertion>
                        <AND>
                            <PlainText IgnoreCase="false" Path="1[1].1[1]" Text="Z34" />
                            <AND>
                                <PlainText IgnoreCase="false" Path="1[1].2[1]" Text="Request Immunization History" />
                                <PlainText IgnoreCase="false" Path="1[1].3[1]" Text="CDCPHINVS" />
                            </AND>
                        </AND>
                    </Assertion></Constraint><Constraint ID="IZ-TS_NZ" Target="6[1]"><Description>The value of QPD-6.1 (Time) SHALL be formatted with YYYYMMDD.</Description><Assertion>
                        <Format Path="6[1].1[1]" Regex="((([0-9]{4})((0[1-9])|(1[0-2]))((0[1-9])|([1-2][0-9])|(3[0-1])))|(([0-9]{4})((0[1-9])|(1[0-2]))((0[1-9])|([1-2][0-9])|(3[0-1]))(([0-1][0-9])|(2[0-3])))|(([0-9]{4})((0[1-9])|(1[0-2]))((0[1-9])|([1-2][0-9])|(3[0-1]))(([0-1][0-9])|(2[0-3]))([0-5][0-9]))|(([0-9]{4})((0[1-9])|(1[0-2]))((0[1-9])|([1-2][0-9])|(3[0-1]))(([0-1][0-9])|(2[0-3]))([0-5][0-9])([0-5][0-9]))|(([0-9]{4})((0[1-9])|(1[0-2]))((0[1-9])|([1-2][0-9])|(3[0-1]))(([0-1][0-9])|(2[0-3]))([0-5][0-9])([0-5][0-9])\.[0-9][0-9][0-9][0-9]))" />
                    </Assertion></Constraint><Constraint ID="IZ-TS_NZ" Target="12[1]"><Description>The value of QPD-12.1 (Time) SHALL be formatted with YYYYMMDD.</Description><Assertion>
                        <Format Path="12[1].1[1]" Regex="((([0-9]{4})((0[1-9])|(1[0-2]))((0[1-9])|([1-2][0-9])|(3[0-1])))|(([0-9]{4})((0[1-9])|(1[0-2]))((0[1-9])|([1-2][0-9])|(3[0-1]))(([0-1][0-9])|(2[0-3])))|(([0-9]{4})((0[1-9])|(1[0-2]))((0[1-9])|([1-2][0-9])|(3[0-1]))(([0-1][0-9])|(2[0-3]))([0-5][0-9]))|(([0-9]{4})((0[1-9])|(1[0-2]))((0[1-9])|([1-2][0-9])|(3[0-1]))(([0-1][0-9])|(2[0-3]))([0-5][0-9])([0-5][0-9]))|(([0-9]{4})((0[1-9])|(1[0-2]))((0[1-9])|([1-2][0-9])|(3[0-1]))(([0-1][0-9])|(2[0-3]))([0-5][0-9])([0-5][0-9])\.[0-9][0-9][0-9][0-9]))" />
                    </Assertion></Constraint></ByID><ByID ID="IN1_IZ_001"><Constraint ID="IZ-69" Target="1[1]"><Description>The value of IN1-1 (Set ID - IN1) SHALL be '1'.</Description><Assertion>
                        <PlainText IgnoreCase="false" Path="1[1]" Text="1" />
                    </Assertion></Constraint><Constraint ID="IZ-TS_NZ" Target="29[1]"><Description>The value of IN1-29.1 (Time) SHALL be formatted with YYYYMMDD.</Description><Assertion>
                        <Format Path="29[1].1[1]" Regex="((([0-9]{4})((0[1-9])|(1[0-2]))((0[1-9])|([1-2][0-9])|(3[0-1])))|(([0-9]{4})((0[1-9])|(1[0-2]))((0[1-9])|([1-2][0-9])|(3[0-1]))(([0-1][0-9])|(2[0-3])))|(([0-9]{4})((0[1-9])|(1[0-2]))((0[1-9])|([1-2][0-9])|(3[0-1]))(([0-1][0-9])|(2[0-3]))([0-5][0-9]))|(([0-9]{4})((0[1-9])|(1[0-2]))((0[1-9])|([1-2][0-9])|(3[0-1]))(([0-1][0-9])|(2[0-3]))([0-5][0-9])([0-5][0-9]))|(([0-9]{4})((0[1-9])|(1[0-2]))((0[1-9])|([1-2][0-9])|(3[0-1]))(([0-1][0-9])|(2[0-3]))([0-5][0-9])([0-5][0-9])\.[0-9][0-9][0-9][0-9]))" />
                    </Assertion></Constraint></ByID><ByID ID="OBX_IZ_001"><Constraint ID="IZ-22" Target="11[1]"><Description>The value of OBX-11 (Observation Result Status) SHALL be 'F'.</Description><Assertion>
                        <PlainText IgnoreCase="false" Path="11[1]" Text="F" />
                    </Assertion></Constraint><Constraint ID="IZ-35" Target="5[1]"><Description>If The value of OBX-3.1 (Identifier) is '64994-7' and the value of OBX-2 (Value Type) is 'CE' then the value of OBX-5.1 (Observation Value) SHALL be one of codes listed in the Value Set: HL70064_IZ.</Description><Assertion>
                        <OR>
                            <NOT>
                                <AND>
                                    <PlainText IgnoreCase="false" Path="3[1].1[1]" Text="64994-7" />
                                    <PlainText IgnoreCase="false" Path="2[1]" Text="CE" />
                                </AND>
                            </NOT>
                            <ValueSet BindingLocation="1" BindingStrength="R" Path="5[1]" ValueSetID="HL70064_IZ" />
                        </OR>
                    </Assertion></Constraint><Constraint ID="IZ-36" Target="5[1]"><Description>If The value of OBX-3.1 (Identifier) is '69764-9' and the value of OBX-2 (Value Type) is 'CE' then the value of OBX-5.1 (Observation Value) SHALL be one of codes listed in the Value Set: PHVS_VISBarcodes_IIS.</Description><Assertion>
                        <OR>
                            <NOT>
                                <AND>
                                    <PlainText IgnoreCase="false" Path="3[1].1[1]" Text="69764-9" />
                                    <PlainText IgnoreCase="false" Path="2[1]" Text="CE" />
                                </AND>
                            </NOT>
                            <ValueSet BindingLocation="1" BindingStrength="R" Path="5[1]" ValueSetID="PHVS_VISBarcodes_IIS" />
                        </OR>
                    </Assertion></Constraint><Constraint ID="IZ-37" Target="5[1]"><Description>If The value of OBX-3.1 (Identifier) is '30956-7' and the value of OBX-2 (Value Type) is 'CE' then the value of OBX-5.1 (Observation Value) SHALL be one of codes listed in the Value Set: CVX.</Description><Assertion>
                        <OR>
                            <NOT>
                                <AND>
                                    <PlainText IgnoreCase="false" Path="3[1].1[1]" Text="30956-7" />
                                    <PlainText IgnoreCase="false" Path="2[1]" Text="CE" />
                                </AND>
                            </NOT>
                            <StringList CSV="99,998,999,143,54,55,82,24,801,19,27,26,29,56,12,28,20,106,107,146,110,50,120,130,132,01,22,102,57,30,52,154,83,84,31,85,104,08,42,43,44,45,58,59,60,47,46,49,48,17,51,61,118,62,137,86,14,87,160,151,123,135,153,158,150,111,149,155,141,140,144,15,88,16,10,134,39,129,63,64,65,66,04,67,05,68,103,148,147,136,114,32,108,03,94,07,127,128,125,126,02,69,11,23,133,100,152,33,109,89,70,40,18,90,72,159,157,156,73,34,119,116,74,122,71,93,145,06,38,76,138,113,09,139,115,35,142,112,77,13,98,95,96,97,78,25,41,53,91,101,131,75,105,79,21,81,80,92,36,117,37,121" Path="5[1].1[1]" />
                        </OR>
                    </Assertion></Constraint><Constraint ID="IZ-44" Target="4[1]"><Description>The value of OBX-4 SHALL be a positive integer.</Description><Assertion>
                        <SimpleValue Operator="GT" Path="4[1]" Type="Number" Value="0" />
                    </Assertion></Constraint><Constraint ID="IZ-TS_NZ" Target="14[1]"><Description>The value of OBX-14.1 (Time) SHALL be formatted with YYYYMMDD.</Description><Assertion>
                        <Format Path="14[1].1[1]" Regex="((([0-9]{4})((0[1-9])|(1[0-2]))((0[1-9])|([1-2][0-9])|(3[0-1])))|(([0-9]{4})((0[1-9])|(1[0-2]))((0[1-9])|([1-2][0-9])|(3[0-1]))(([0-1][0-9])|(2[0-3])))|(([0-9]{4})((0[1-9])|(1[0-2]))((0[1-9])|([1-2][0-9])|(3[0-1]))(([0-1][0-9])|(2[0-3]))([0-5][0-9]))|(([0-9]{4})((0[1-9])|(1[0-2]))((0[1-9])|([1-2][0-9])|(3[0-1]))(([0-1][0-9])|(2[0-3]))([0-5][0-9])([0-5][0-9]))|(([0-9]{4})((0[1-9])|(1[0-2]))((0[1-9])|([1-2][0-9])|(3[0-1]))(([0-1][0-9])|(2[0-3]))([0-5][0-9])([0-5][0-9])\.[0-9][0-9][0-9][0-9]))" />
                    </Assertion></Constraint></ByID><ByID ID="QPD_IZ_Z31"><Constraint ID="IZ-67" Target="1[1]"><Description>The value of QPD-1 (Message Query Name) SHALL be 'Z34^Request Immunization History^CDCPHINVS'.</Description><Assertion>
                        <AND>
                            <PlainText IgnoreCase="false" Path="1[1].1[1]" Text="Z34" />
                            <AND>
                                <PlainText IgnoreCase="false" Path="1[1].2[1]" Text="Request Immunization History" />
                                <PlainText IgnoreCase="false" Path="1[1].3[1]" Text="CDCPHINVS" />
                            </AND>
                        </AND>
                    </Assertion></Constraint><Constraint ID="IZ-TS_NZ" Target="6[1]"><Description>The value of QPD-6.1 (Time) SHALL be formatted with YYYYMMDD.</Description><Assertion>
                        <Format Path="6[1].1[1]" Regex="((([0-9]{4})((0[1-9])|(1[0-2]))((0[1-9])|([1-2][0-9])|(3[0-1])))|(([0-9]{4})((0[1-9])|(1[0-2]))((0[1-9])|([1-2][0-9])|(3[0-1]))(([0-1][0-9])|(2[0-3])))|(([0-9]{4})((0[1-9])|(1[0-2]))((0[1-9])|([1-2][0-9])|(3[0-1]))(([0-1][0-9])|(2[0-3]))([0-5][0-9]))|(([0-9]{4})((0[1-9])|(1[0-2]))((0[1-9])|([1-2][0-9])|(3[0-1]))(([0-1][0-9])|(2[0-3]))([0-5][0-9])([0-5][0-9]))|(([0-9]{4})((0[1-9])|(1[0-2]))((0[1-9])|([1-2][0-9])|(3[0-1]))(([0-1][0-9])|(2[0-3]))([0-5][0-9])([0-5][0-9])\.[0-9][0-9][0-9][0-9]))" />
                    </Assertion></Constraint></ByID><ByID ID="MSH_IZ_Z32"><Constraint ID="IZ-12" Target="1[1]"><Description>The value of MSH-1 (Field Separator) SHALL be '|'.</Description><Assertion>
                        <PlainText IgnoreCase="false" Path="1[1]" Text="|" />
                    </Assertion></Constraint><Constraint ID="IZ-13" Target="2[1]"><Description>The value of MSH.2 (Encoding Characters) SHALL be '^~\&amp;'.</Description><Assertion><PlainText IgnoreCase="false" Path="2[1]" Text="^~\&amp;" /></Assertion></Constraint><Constraint ID="IZ-TS_Z" Target="7[1]"><Description>The value of MSH-7.1 (Time) SHALL be formatted with YYYYMMDDHHMMSS+-ZZZZ.</Description><Assertion>
                        <Format Path="7[1].1[1]" Regex="([0-9]{4})((0[1-9])|(1[0-2]))((0[1-9])|([1-2][0-9])|(3[0-1]))(([0-1][0-9])|(2[0-3]))([0-5][0-9])([0-5][0-9]).*((\+|\-)[0-9]{4})" />
                    </Assertion></Constraint><Constraint ID="IZ-59" Target="9[1]"><Description>The value of MSH-9 (Message Type) SHALL be 'RSP^K11^RSP_K11'.</Description><Assertion>
                        <AND>
                            <PlainText IgnoreCase="false" Path="9[1].1[1]" Text="RSP" />
                            <AND>
                                <PlainText IgnoreCase="false" Path="9[1].2[1]" Text="K11" />
                                <PlainText IgnoreCase="false" Path="9[1].3[1]" Text="RSP_K11" />
                            </AND>
                        </AND>
                    </Assertion></Constraint><Constraint ID="IZ-15" Target="12[1]"><Description>The value of MSH-12.1 (Version ID) SHALL be '2.5.1'.</Description><Assertion>
                        <PlainText IgnoreCase="false" Path="12[1].1[1]" Text="2.5.1" />
                    </Assertion></Constraint><Constraint ID="IZ-53" Target="15[1]"><Description>The value of MSH-15 (Accept Acknowledgment Type) SHALL be 'NE'.</Description><Assertion>
                        <PlainText IgnoreCase="false" Path="15[1]" Text="NE" />
                    </Assertion></Constraint><Constraint ID="IZ-52" Target="16[1]"><Description>The value of MSH-16 (Application Acknowledgment Type) SHALL be 'NE'.</Description><Assertion>
                        <PlainText IgnoreCase="false" Path="16[1]" Text="NE" />
                    </Assertion></Constraint><Constraint ID="IZ-60" Target="21[1]"><Description>The value of MSH-21 (Message Profile Identifier) SHALL be 'Z32^CDCPHINVS'.</Description><Assertion>
                        <AND>
                            <PlainText IgnoreCase="false" Path="21[1].1[1]" Text="Z32" />
                            <PlainText IgnoreCase="false" Path="21[1].2[1]" Text="CDCPHINVS" />
                        </AND>
                    </Assertion></Constraint></ByID><ByID ID="PD1_IZ_001"><Constraint ID="IZ-DT_D" Target="17[1]"><Description>The value of PD1-17 (Immunization Registry Status Effective Date) SHALL be formatted with YYYYMMDD.</Description><Assertion>
                        <Format Path="17[1]" Regex="((([0-9]{4})((0[1-9])|(1[0-2]))((0[1-9])|([1-2][0-9])|(3[0-1])))|(([0-9]{4})((0[1-9])|(1[0-2]))((0[1-9])|([1-2][0-9])|(3[0-1]))(([0-1][0-9])|(2[0-3])))|(([0-9]{4})((0[1-9])|(1[0-2]))((0[1-9])|([1-2][0-9])|(3[0-1]))(([0-1][0-9])|(2[0-3]))([0-5][0-9]))|(([0-9]{4})((0[1-9])|(1[0-2]))((0[1-9])|([1-2][0-9])|(3[0-1]))(([0-1][0-9])|(2[0-3]))([0-5][0-9])([0-5][0-9]))|(([0-9]{4})((0[1-9])|(1[0-2]))((0[1-9])|([1-2][0-9])|(3[0-1]))(([0-1][0-9])|(2[0-3]))([0-5][0-9])([0-5][0-9])\.[0-9][0-9][0-9][0-9]))" />
                    </Assertion></Constraint><Constraint ID="IZ-DT_D" Target="18[1]"><Description>The value of PD1-18 (Publicity Code Effective Date) SHALL be formatted with YYYYMMDD.</Description><Assertion>
                        <Format Path="18[1]" Regex="((([0-9]{4})((0[1-9])|(1[0-2]))((0[1-9])|([1-2][0-9])|(3[0-1])))|(([0-9]{4})((0[1-9])|(1[0-2]))((0[1-9])|([1-2][0-9])|(3[0-1]))(([0-1][0-9])|(2[0-3])))|(([0-9]{4})((0[1-9])|(1[0-2]))((0[1-9])|([1-2][0-9])|(3[0-1]))(([0-1][0-9])|(2[0-3]))([0-5][0-9]))|(([0-9]{4})((0[1-9])|(1[0-2]))((0[1-9])|([1-2][0-9])|(3[0-1]))(([0-1][0-9])|(2[0-3]))([0-5][0-9])([0-5][0-9]))|(([0-9]{4})((0[1-9])|(1[0-2]))((0[1-9])|([1-2][0-9])|(3[0-1]))(([0-1][0-9])|(2[0-3]))([0-5][0-9])([0-5][0-9])\.[0-9][0-9][0-9][0-9]))" />
                    </Assertion></Constraint></ByID><ByID ID="ORC_IZ_001"><Constraint ID="IZ-25" Target="1[1]"><Description>The value of ORC-1 (Order Control) SHALL be 'RE'.</Description><Assertion>
                        <PlainText IgnoreCase="false" Path="1[1]" Text="RE" />
                    </Assertion></Constraint></ByID></Segment><Group /><Message><ByID ID="56f2b2a2e4b02b9a31929ebb"><Constraint ID="IZ-24" Target="5[1].1[1]"><Description> If RXA-20 is valued 'CP' or 'PA' and the first occurrence of RXA-9.1 is valued '00' and RXA-5.1 is valued with a CVX code from table PHVS_VISVaccines_IIS (See Appendix A) then for each vaccine information statement that was shared there SHALL be:[one OBX segment with OBX-3.1 valued '69764-9' (bar coded) and one OBX with OBX-3.1 valued '29769-7' (presentation or delivery date) associated. Both OBX shall have the same value in OBX-4] OR[one OBX segment with OBX-3.1 valued '30956-7' (vaccine type) and one OBX segment with OBX-3.1 valued '29768-9' (version date) and one OBX with OBX-3.1 valued '29769-7' (presentation or delivery date) associated. All three OBX shall have the same value in OBX-4] </Description><Assertion>
                        <IMPLY>
                            <AND>
                                <AND>
                                    <OR>
                                        <PlainText IgnoreCase="false" Path="3[1].20[1]" Text="CP" />
                                        <PlainText IgnoreCase="false" Path="3[1].20[1]" Text="PA" />
                                    </OR>
                                    <PlainText IgnoreCase="false" Path="3[1].9[1].1[1]" Text="00" />
                                </AND>
                                <ValueSet BindingLocation="1" BindingStrength="R" Path="3[1].5[1].1[1]" ValueSetID="PHVS_VISVaccines_IIS" />
                            </AND>
                            <Plugin QualifiedClassName="gov.nist.healthcare.hl7.v2.iz.plugins.IZ24Constraint" />
                        </IMPLY>
                    </Assertion></Constraint><Constraint ID="IZ-45" Target="1[1].3[1]"><Description> If RXA-20 is valued "NA" or "RE" then ORC-3.1 SHALL be valued "9999".</Description><Assertion>
                        <OR>
                            <NOT>
                                <AND>
                                    <Presence Path="3[1].20[1]" />
                                    <StringList CSV="NA,RE" Path="3[1].20[1]" />
                                </AND>
                            </NOT>
                            <PlainText IgnoreCase="false" Path="1[1].3[1].1[1]" Text="9999" />
                        </OR>
                    </Assertion></Constraint><Constraint ID="IZ-23" Target="5[1].1[1].3[1].1[1]"><Description> If RXA-20 is valued 'CP' or 'PA' and the first occurrence of RXA-9.1 (Administration Note.code) is '00' then the message SHALL include an OBX segment associated with the RXA with OBX-3.1 shall equal '64994-7'</Description><Assertion>
                        <IMPLY>
                            <AND>
                                <PlainText IgnoreCase="false" Path="3[1].9[1].1[1]" Text="00" />
                                <StringList CSV="CP,PA" Path="3[1].20[1]" />
                            </AND>
                            <AND>
                                <Presence Path="5[1]" />
                                <PlainText AtLeastOnce="true" IgnoreCase="false" Path="5[*].1[1].3[1].1[1]" Text="64994-7" />
                            </AND>
                        </IMPLY>
                    </Assertion></Constraint></ByID><ByID ID="56f2b2a2e4b02b9a31929eab"><Constraint ID="IZ-72" Target="1[1].1[1]"><Description>PID-1 (Set ID-PID) SHALL be valued sequentially starting with the value "1".</Description><Assertion>
                        <SetID Path="1[1].1[1]" />
                    </Assertion></Constraint></ByID><ByID ID="56f2b2a2e4b02b9a31929edc"><Constraint ID="IZ-45" Target="1[1].3[1]"><Description> If RXA-20 is valued "NA" or "RE" then ORC.3.1 SHALL be valued "9999".</Description><Assertion>
                        <OR>
                            <NOT>
                                <AND>
                                    <Presence Path="2[1].20[1]" />
                                    <StringList CSV="NA,RE" Path="2[1].20[1]" />
                                </AND>
                            </NOT>
                            <PlainText IgnoreCase="false" Path="1[1].3[1].1[1]" Text="9999" />
                        </OR>
                    </Assertion></Constraint></ByID></Message></Constraints></ConformanceContext>
