<?xml version="1.0"?>
<ValueSetLibrary ValueSetLibraryIdentifier="5cf18b9c-3f67-4743-9ee4-6a675b054980"><MetaData Name="IZ Profiles" OrgName="NIST" Version="No Version Info" Date="2016/09/27 00:00:00" /><ValueSetDefinitions Group="HL7" Order="3"><ValueSetDefinition BindingIdentifier="HL70220" Name="HL70220" Description="Living Arrangement" /><ValueSetDefinition BindingIdentifier="HL70296" Name="HL70296" Description="Primary Language" /><ValueSetDefinition BindingIdentifier="HL70171" Name="HL70171" Description="Citizenship" /><ValueSetDefinition BindingIdentifier="HL70009" Name="HL70009" Description="Ambulatory Status" /><ValueSetDefinition BindingIdentifier="HL70006" Name="HL70006" Description="Religion" /><ValueSetDefinition BindingIdentifier="HL70231" Name="HL70231" Description="Student Status" /><ValueSetDefinition BindingIdentifier="HL70136" Name="HL70136" Description="Yes/no indicator" /><ValueSetDefinition BindingIdentifier="HL70215" Name="HL70215" Description="Publicity Code" /><ValueSetDefinition BindingIdentifier="HL70223" Name="HL70223" Description="Living Dependency" /><ValueSetDefinition BindingIdentifier="HL70131" Name="HL70131" Description="Contact Role" /><ValueSetDefinition BindingIdentifier="HL70001" Name="HL70001" Description="Administrative Sex" /><ValueSetDefinition BindingIdentifier="HL70002" Name="HL70002" Description="Marital Status" /><ValueSetDefinition BindingIdentifier="HL70327" Name="HL70327" Description="Job code" /><ValueSetDefinition BindingIdentifier="HL70212" Name="HL70212" Description="Nationality" /><ValueSetDefinition BindingIdentifier="HL70005" Name="HL70005" Description="Race" /><ValueSetDefinition BindingIdentifier="HL70311" Name="HL70311" Description="Job Status" /><ValueSetDefinition BindingIdentifier="HL70222" Name="HL70222" Description="Contact Reason" /><ValueSetDefinition BindingIdentifier="HL70189" Name="HL70189" Description="Ethnic Group" /><ValueSetDefinition BindingIdentifier="HL70099" Name="HL70099" Description="VIP Indicator" /><ValueSetDefinition BindingIdentifier="HL70295" Name="HL70295" Description="Handicap" /><ValueSetDefinition BindingIdentifier="HL70315" Name="HL70315" Description="Living Will Code" /><ValueSetDefinition BindingIdentifier="HL70326" Name="HL70326" Description="Visit Indicator" /><ValueSetDefinition BindingIdentifier="HL70232" Name="HL70232" Description="Insurance Company Contact Reason" /><ValueSetDefinition BindingIdentifier="HL70061" Name="HL70061" Description="Check digit scheme" /><ValueSetDefinition BindingIdentifier="HL70144" Name="HL70144" Description="Eligibility Source" /><ValueSetDefinition BindingIdentifier="HL70297" Name="HL70297" Description="CN ID source" /><ValueSetDefinition BindingIdentifier="HL70143" Name="HL70143" Description="Non-covered Insurance Code" /><ValueSetDefinition BindingIdentifier="HL70342" Name="HL70342" Description="Military Recipient" /><ValueSetDefinition BindingIdentifier="HL70313" Name="HL70313" Description="Policy Source" /><ValueSetDefinition BindingIdentifier="HL70312" Name="HL70312" Description="Policy Scope" /><ValueSetDefinition BindingIdentifier="HL70173" Name="HL70173" Description="Coordination of Benefits" /><ValueSetDefinition BindingIdentifier="HL70042" Name="HL70042" Description="Company Plan Code" /><ValueSetDefinition BindingIdentifier="HL70529" Name="HL70529" Description="Precision" /><ValueSetDefinition BindingIdentifier="HL70022" Name="HL70022" Description="Billing Status" /><ValueSetDefinition BindingIdentifier="HL70098" Name="HL70098" Description="Type of Agreement" /><ValueSetDefinition BindingIdentifier="HL70093" Name="HL70093" Description="Release Information" /><ValueSetDefinition BindingIdentifier="HL70140" Name="HL70140" Description="Military Service" /><ValueSetDefinition BindingIdentifier="HL70435" Name="HL70435" Description="Advance Directive Code" /><ValueSetDefinition BindingIdentifier="HL70316" Name="HL70316" Description="Organ Donor Code" /><ValueSetDefinition BindingIdentifier="HL70344" Name="HL70344" Description="Patient's Relationship to Insured" /><ValueSetDefinition BindingIdentifier="HL70343" Name="HL70343" Description="Military Handicapped Program Code" /><ValueSetDefinition BindingIdentifier="HL70063" Name="HL70063" Description="Relationship" /><ValueSetDefinition BindingIdentifier="HL70130" Name="HL70130" Description="Visit User Code" /><ValueSetDefinition BindingIdentifier="HL70129" Name="HL70129" Description="Accommodation code" /><ValueSetDefinition BindingIdentifier="HL70309" Name="HL70309" Description="Coverage Type" /><ValueSetDefinition BindingIdentifier="HL70207" Name="HL70207" Description="Processing mode" /><ValueSetDefinition BindingIdentifier="HL70066" Name="HL70066" Description="Employment Status" /><ValueSetDefinition BindingIdentifier="HL70213" Name="HL70213" Description="Purge Status Code" /><ValueSetDefinition BindingIdentifier="HL70432" Name="HL70432" Description="Admission Level of Care Code" /><ValueSetDefinition BindingIdentifier="HL70431" Name="HL70431" Description="Recreational Drug Use Code" /><ValueSetDefinition BindingIdentifier="HL70534" Name="HL70534" Description="Notify Clergy Code" /><ValueSetDefinition BindingIdentifier="HL70434" Name="HL70434" Description="Patient Condition Code" /><ValueSetDefinition BindingIdentifier="HL70433" Name="HL70433" Description="Precaution Code" /><ValueSetDefinition BindingIdentifier="HL70135" Name="HL70135" Description="Assignment of Benefits" /><ValueSetDefinition BindingIdentifier="HL70072" Name="HL70072" Description="Insurance Plan ID" /><ValueSetDefinition BindingIdentifier="HL70218" Name="HL70218" Description="Patient Charge Adjustment" /><ValueSetDefinition BindingIdentifier="HL70217" Name="HL70217" Description="Visit Priority Code" /><ValueSetDefinition BindingIdentifier="HL70216" Name="HL70216" Description="Patient Status Code" /><ValueSetDefinition BindingIdentifier="HL70214" Name="HL70214" Description="Special Program Code" /><ValueSetDefinition BindingIdentifier="HL70446" Name="HL70446" Description="Species Code" /><ValueSetDefinition BindingIdentifier="HL70445" Name="HL70445" Description="Identity Reliability Code" /><ValueSetDefinition BindingIdentifier="HL70172" Name="HL70172" Description="Veterans Military Status" /><ValueSetDefinition BindingIdentifier="HL70430" Name="HL70430" Description="Mode of Arrival Code" /><ValueSetDefinition BindingIdentifier="HL70219" Name="HL70219" Description="Recurring Service Code" /><ValueSetDefinition BindingIdentifier="HL70447" Name="HL70447" Description="Breed Code" /><ValueSetDefinition BindingIdentifier="HL70164" Name="HL70164" Description="Administration Device" /><ValueSetDefinition BindingIdentifier="HL70429" Name="HL70429" Description="Production Class Code" /><ValueSetDefinition BindingIdentifier="HL70165" Name="HL70165" Description="Administration Method" /><ValueSetDefinition BindingIdentifier="HL70552" Name="HL70552" Description="Advanced beneficiary notice override reason" /><ValueSetDefinition BindingIdentifier="HL70339" Name="HL70339" Description="Advanced Beneficiary Notice Code" /><ValueSetDefinition BindingIdentifier="HL70068" Name="HL70068" Description="Guarantor Type" /><ValueSetDefinition BindingIdentifier="HL70289" Name="HL70289" Description="County/parish" /><ValueSetDefinition BindingIdentifier="HL70152" Name="HL70152" Description="Second Opinion Documentation Received" /><ValueSetDefinition BindingIdentifier="HL70151" Name="HL70151" Description="Second Opinion Status" /><ValueSetDefinition BindingIdentifier="HL70121" Name="HL70121" Description="Response flag" /><ValueSetDefinition BindingIdentifier="HL70038" Name="HL70038" Description="Order status" /><ValueSetDefinition BindingIdentifier="HL70341" Name="HL70341" Description="Guarantor Credit Rating Code" /><ValueSetDefinition BindingIdentifier="HL70394" Name="HL70394" Description="Response modality" /><ValueSetDefinition BindingIdentifier="HL70518" Name="HL70518" Description="Override type" /><ValueSetDefinition BindingIdentifier="HL70517" Name="HL70517" Description="Inform person code" /><ValueSetDefinition BindingIdentifier="HL70346" Name="HL70346" Description="Certification Agency" /><ValueSetDefinition BindingIdentifier="HL70480" Name="HL70480" Description="Pharmacy Order Types" /><ValueSetDefinition BindingIdentifier="HL70345" Name="HL70345" Description="Appeal Reason" /><ValueSetDefinition BindingIdentifier="HL70233" Name="HL70233" Description="Non-Concur Code/Description" /><ValueSetDefinition BindingIdentifier="HL70519" Name="HL70519" Description="Override reason" /><ValueSetDefinition BindingIdentifier="HL70105" Name="HL70105" Description="Source of comment" /><ValueSetDefinition BindingIdentifier="HL70356" Name="HL70356" Description="Alternate character set handling scheme" /><ValueSetDefinition BindingIdentifier="HL70395" Name="HL70395" Description="Modify indicator" /><ValueSetDefinition BindingIdentifier="HL70080" Name="HL70080" Description="Nature of Abnormal Testing" /><ValueSetDefinition BindingIdentifier="HL70078" Name="HL70078" Description="Abnormal flags" /><ValueSetDefinition BindingIdentifier="HL70357" Name="HL70357" Description="Message error condition codes" /><ValueSetDefinition BindingIdentifier="HL70069" Name="HL70069" Description="Hospital Service" /><ValueSetDefinition BindingIdentifier="HL70483" Name="HL70483" Description="Authorization Mode" /><ValueSetDefinition BindingIdentifier="HL70010" Name="HL70010" Description="Physician ID" /><ValueSetDefinition BindingIdentifier="HL70482" Name="HL70482" Description="Order Type" /><ValueSetDefinition BindingIdentifier="HL70007" Name="HL70007" Description="Admission Type" /><ValueSetDefinition BindingIdentifier="HL70177" Name="HL70177" Description="Confidentiality code" /><ValueSetDefinition BindingIdentifier="HL70004" Name="HL70004" Description="Patient Class" /><ValueSetDefinition BindingIdentifier="HL70018" Name="HL70018" Description="Patient Type" /><ValueSetDefinition BindingIdentifier="HL70023" Name="HL70023" Description="Admit Source" /><ValueSetDefinition BindingIdentifier="HL70092" Name="HL70092" Description="Re-Admission Indicator" /><ValueSetDefinition BindingIdentifier="HL70087" Name="HL70087" Description="Pre-Admit Test Indicator" /><ValueSetDefinition BindingIdentifier="HL70111" Name="HL70111" Description="Delete Account Code" /><ValueSetDefinition BindingIdentifier="HL70021" Name="HL70021" Description="Bad Debt Agency Code" /><ValueSetDefinition BindingIdentifier="HL70110" Name="HL70110" Description="Transfer to Bad Debt Code" /><ValueSetDefinition BindingIdentifier="HL70465" Name="HL70465" Description="Name/address representation" /><ValueSetDefinition BindingIdentifier="HL70288" Name="HL70288" Description="Census tract" /><ValueSetDefinition BindingIdentifier="HL70444" Name="HL70444" Description="Name assembly order" /><ValueSetDefinition BindingIdentifier="HL70448" Name="HL70448" Description="Name context" /><ValueSetDefinition BindingIdentifier="HL70211" Name="HL70211" Description="Alternate character sets" /><ValueSetDefinition BindingIdentifier="HL70399" Name="HL70399" Description="Country code" /><ValueSetDefinition BindingIdentifier="HL70360" Name="HL70360" Description="Degree/license/certificate" /><ValueSetDefinition BindingIdentifier="HL70064" Name="HL70064" Description="Financial class" /><ValueSetDefinition BindingIdentifier="HL70304" Name="HL70304" Description="Bed" /><ValueSetDefinition BindingIdentifier="HL70303" Name="HL70303" Description="Room" /><ValueSetDefinition BindingIdentifier="HL70302" Name="HL70302" Description="Point of care" /><ValueSetDefinition BindingIdentifier="HL70115" Name="HL70115" Description="Servicing Facility" /><ValueSetDefinition BindingIdentifier="HL70485" Name="HL70485" Description="Extended Priority Codes" /><ValueSetDefinition BindingIdentifier="HL70114" Name="HL70114" Description="Diet Type" /><ValueSetDefinition BindingIdentifier="HL70335" Name="HL70335" Description="Repeat pattern" /><ValueSetDefinition BindingIdentifier="HL70113" Name="HL70113" Description="Discharged to location" /><ValueSetDefinition BindingIdentifier="HL70112" Name="HL70112" Description="Discharge Disposition" /><ValueSetDefinition BindingIdentifier="HL70364" Name="HL70364" Description="Comment type" /><ValueSetDefinition BindingIdentifier="HL70203" Name="HL70203" Description="Identifier type" /><ValueSetDefinition BindingIdentifier="HL70117" Name="HL70117" Description="Account Status" /><ValueSetDefinition BindingIdentifier="HL70116" Name="HL70116" Description="Bed Status" /><ValueSetDefinition BindingIdentifier="HL70427" Name="HL70427" Description="Risk Management Incident Code" /><ValueSetDefinition BindingIdentifier="HL70137" Name="HL70137" Description="Mail Claim Party" /><ValueSetDefinition BindingIdentifier="HL70139" Name="HL70139" Description="Employer Information Data" /><ValueSetDefinition BindingIdentifier="HL70142" Name="HL70142" Description="Military Status" /><ValueSetDefinition BindingIdentifier="HL70141" Name="HL70141" Description="Military Rank/Grade" /><ValueSetDefinition BindingIdentifier="HL70044" Name="HL70044" Description="Contract Code" /><ValueSetDefinition BindingIdentifier="HL70308" Name="HL70308" Description="Floor" /><ValueSetDefinition BindingIdentifier="HL70046" Name="HL70046" Description="Credit Rating" /><ValueSetDefinition BindingIdentifier="HL70307" Name="HL70307" Description="Building" /><ValueSetDefinition BindingIdentifier="HL70045" Name="HL70045" Description="Courtesy Code" /><ValueSetDefinition BindingIdentifier="HL70305" Name="HL70305" Description="Person location type" /><ValueSetDefinition BindingIdentifier="HL70032" Name="HL70032" Description="Charge/Price Indicator" /><ValueSetDefinition BindingIdentifier="HL70306" Name="HL70306" Description="Location status" /><ValueSetDefinition BindingIdentifier="HL70073" Name="HL70073" Description="Interest Rate Code" /><ValueSetDefinition BindingIdentifier="HL70190" Name="HL70190" Description="Address type" /><ValueSetDefinition BindingIdentifier="HL70503" Name="HL70503" Description="Sequence/Results Flag" /><ValueSetDefinition BindingIdentifier="HL70440" Name="HL70440" Description="Data types" /><ValueSetDefinition BindingIdentifier="HL70495" Name="HL70495" Description="Body Site Modifier" /><ValueSetDefinition BindingIdentifier="HL70506" Name="HL70506" Description="Service Request Relationship" /><ValueSetDefinition BindingIdentifier="HL70505" Name="HL70505" Description="Cyclic Entry/Exit Indicator" /><ValueSetDefinition BindingIdentifier="HL70504" Name="HL70504" Description="Sequence Condition Code" /></ValueSetDefinitions><ValueSetDefinitions Group="CDC-HL7-IZ" Order="1"><ValueSetDefinition BindingIdentifier="HL70063_IZ" Name="HL70063_IZ" Description="Relationship" /><ValueSetDefinition BindingIdentifier="HL70354_IZ" Name="HL70354_IZ" Description="Message structure" /><ValueSetDefinition BindingIdentifier="HL70003_IZ" Name="HL70003_IZ" Description="Event type" /><ValueSetDefinition BindingIdentifier="HL70203_IZ" Name="HL70203_IZ" Description="Identifier type" /><ValueSetDefinition BindingIdentifier="HL70301_IZ" Name="HL70301_IZ" Description="Universal ID type" /><ValueSetDefinition BindingIdentifier="HL70441_IZ" Name="HL70441_IZ" Description="Immunization registry status" /><ValueSetDefinition BindingIdentifier="HL70126_IZ" Name="HL70126_IZ" Description="Quantity limited request " /><ValueSetDefinition BindingIdentifier="HL70061_IZ" Name="HL70061_IZ" Description="Check digit scheme" /><ValueSetDefinition BindingIdentifier="HL70103_IZ" Name="HL70103_IZ" Description="Processing ID" /><ValueSetDefinition BindingIdentifier="HL70086_IZ" Name="HL70086_IZ" Description="Plan Type ID" /><ValueSetDefinition BindingIdentifier="HL70163_IZ" Name="HL70163_IZ" Description="Administrative site" /><ValueSetDefinition BindingIdentifier="HL70119_IZ" Name="HL70119_IZ" Description="Order Control Codes" /><ValueSetDefinition BindingIdentifier="HL70001_IZ" Name="HL70001_IZ" Description="Sex" /><ValueSetDefinition BindingIdentifier="HL70471_IZ" Name="HL70471_IZ" Description="Query Name" /><ValueSetDefinition BindingIdentifier="HL70323_IZ" Name="HL70323_IZ" Description="Action code" /><ValueSetDefinition BindingIdentifier="HL70322_IZ" Name="HL70322_IZ" Description="Completion status" /><ValueSetDefinition BindingIdentifier="HL70125_IZ" Name="HL70125_IZ" Description="Value Type" /><ValueSetDefinition BindingIdentifier="HL70085_IZ" Name="HL70085_IZ" Description="Observation result status codes interpretation" /><ValueSetDefinition BindingIdentifier="HL70104_IZ" Name="HL70104_IZ" Description="Version ID" /><ValueSetDefinition BindingIdentifier="HL70091_IZ" Name="HL70091_IZ" Description="Query priority" /><ValueSetDefinition BindingIdentifier="HL70356_IZ" Name="HL70356_IZ" Description="Alternate character set handling scheme" /><ValueSetDefinition BindingIdentifier="HL70215_IZ" Name="HL70215_IZ" Description="Publicity code" /><ValueSetDefinition BindingIdentifier="HL70155_IZ" Name="HL70155_IZ" Description="Accept/Application acknowledgment conditions" /><ValueSetDefinition BindingIdentifier="HL70396_IZ" Name="HL70396_IZ" Description="Coding system" /><ValueSetDefinition BindingIdentifier="HL70362_IZ" Name="HL70362_IZ" Description="Facility" /><ValueSetDefinition BindingIdentifier="HL70361_IZ" Name="HL70361_IZ" Description="Application" /><ValueSetDefinition BindingIdentifier="HL70136_IZ" Name="HL70136_IZ" Description="Yes/No indicator" /><ValueSetDefinition BindingIdentifier="HL70190_IZ" Name="HL70190_IZ" Description="Address type" /><ValueSetDefinition BindingIdentifier="HL70200_IZ" Name="HL70200_IZ" Description="Name type" /><ValueSetDefinition BindingIdentifier="HL70363_IZ" Name="HL70363_IZ" Description="Assigning Authority" /><ValueSetDefinition BindingIdentifier="HL70008_IZ" Name="HL70008_IZ" Description="Acknowledgment code" /><ValueSetDefinition BindingIdentifier="HL70076_IZ" Name="HL70076_IZ" Description="Message type" /><ValueSetDefinition BindingIdentifier="HL70202_IZ" Name="HL70202_IZ" Description="Telecommunication equipment type" /><ValueSetDefinition BindingIdentifier="HL70201_IZ" Name="HL70201_IZ" Description="Telecommunication use code " /><ValueSetDefinition BindingIdentifier="HL70533_IZ" Name="HL70533_IZ" Description="Application Error Code" /><ValueSetDefinition BindingIdentifier="HL70516_IZ" Name="HL70516_IZ" Description="Error Severity" /><ValueSetDefinition BindingIdentifier="HL70357_IZ" Name="HL70357_IZ" Description="Message error status codes" /><ValueSetDefinition BindingIdentifier="HL70208_IZ" Name="HL70208_IZ" Description="Query response status" /></ValueSetDefinitions><ValueSetDefinitions Group="NOGroup" Order="0"><ValueSetDefinition BindingIdentifier="0465" Name="0465" Description="Name/address representation" Oid="UNSPECIFIED" Stability="Static" Extensibility="Open" ContentDefinition="Extensional"><ValueElement Value="P" DisplayName="Phonetic (i.e., ASCII, Katakana, Hiragana, etc.)" CodeSystem="HL70465" Usage="P" /><ValueElement Value="A" DisplayName="Alphabetic (i.e., Default or some single-byte)" CodeSystem="HL70465" Usage="P" /><ValueElement Value="I" DisplayName="Ideographic (i.e., Kanji)" CodeSystem="HL70465" Usage="P" /></ValueSetDefinition><ValueSetDefinition BindingIdentifier="0307" Name="0307" Description="Building" Oid="UNSPECIFIED" Stability="Static" Extensibility="Open" ContentDefinition="Extensional"><ValueElement Value="..." DisplayName="No suggested values defined" CodeSystem="HL70307" Usage="P" /></ValueSetDefinition><ValueSetDefinition BindingIdentifier="0150" Name="0150" Description="Certification patient type" Oid="UNSPECIFIED" Stability="Static" Extensibility="Open" ContentDefinition="Extensional"><ValueElement Value="OPE" DisplayName="Outpatient elective" CodeSystem="HL70150" Usage="P" /><ValueElement Value="ER" DisplayName="Emergency" CodeSystem="HL70150" Usage="P" /><ValueElement Value="UR" DisplayName="Urgent" CodeSystem="HL70150" Usage="P" /><ValueElement Value="IPE" DisplayName="Inpatient elective" CodeSystem="HL70150" Usage="P" /></ValueSetDefinition><ValueSetDefinition BindingIdentifier="0308" Name="0308" Description="Floor" Oid="UNSPECIFIED" Stability="Static" Extensibility="Open" ContentDefinition="Extensional"><ValueElement Value="..." DisplayName="No suggested values defined." CodeSystem="HL70308" Usage="P" /></ValueSetDefinition><ValueSetDefinition BindingIdentifier="0113" Name="0113" Description="Discharged to location" Oid="UNSPECIFIED" Stability="Static" Extensibility="Open" ContentDefinition="Extensional"><ValueElement Value="..." DisplayName="no suggested values" CodeSystem="HL70113" Usage="P" /></ValueSetDefinition><ValueSetDefinition BindingIdentifier="0300" Name="0300" Description="Namespace ID" Oid="UNSPECIFIED" Stability="Static" Extensibility="Open" ContentDefinition="Extensional"><ValueElement Value="..." DisplayName="No suggested values defined" CodeSystem="HL70300" Usage="P" /></ValueSetDefinition><ValueSetDefinition BindingIdentifier="0528" Name="0528" Description="Event related period" Oid="UNSPECIFIED" Stability="Static" Extensibility="Open" ContentDefinition="Extensional"><ValueElement Value="AC" DisplayName="before meal (from lat. ante cibus)" CodeSystem="HL70528" Usage="P" /><ValueElement Value="ICV" DisplayName="between dinner and the hour of sleep" CodeSystem="HL70528" Usage="P" /><ValueElement Value="ACV" DisplayName="before dinner (from lat. ante cibus vespertinus)" CodeSystem="HL70528" Usage="P" /><ValueElement Value="PCM" DisplayName="after breakfast (from lat. post cibus matutinus)" CodeSystem="HL70528" Usage="P" /><ValueElement Value="ICD" DisplayName="between lunch and dinner" CodeSystem="HL70528" Usage="P" /><ValueElement Value="ACD" DisplayName="before lunch (from lat. ante cibus diurnus)" CodeSystem="HL70528" Usage="P" /><ValueElement Value="PC" DisplayName="after meal (from lat. post cibus)" CodeSystem="HL70528" Usage="P" /><ValueElement Value="HS" DisplayName="the hour of sleep (e.g., H18-22)" CodeSystem="HL70528" Usage="P" /><ValueElement Value="PCV" DisplayName="after dinner (from lat. post cibus vespertinus)" CodeSystem="HL70528" Usage="P" /><ValueElement Value="ICM" DisplayName="between breakfast and lunch" CodeSystem="HL70528" Usage="P" /><ValueElement Value="ACM" DisplayName="before breakfast (from lat. ante cibus matutinus)" CodeSystem="HL70528" Usage="P" /><ValueElement Value="PCD" DisplayName="after lunch (from lat. post cibus diurnus)" CodeSystem="HL70528" Usage="P" /><ValueElement Value="IC" DisplayName="between meals (from lat. inter cibus)" CodeSystem="HL70528" Usage="P" /></ValueSetDefinition><ValueSetDefinition BindingIdentifier="0527" Name="0527" Description="Calendar alignment" Oid="UNSPECIFIED" Stability="Static" Extensibility="Open" ContentDefinition="Extensional"><ValueElement Value="DM" DisplayName="day of the month" CodeSystem="HL70527" Usage="P" /><ValueElement Value="HD" DisplayName="hour of the day" CodeSystem="HL70527" Usage="P" /><ValueElement Value="SN" DisplayName="second of the minute" CodeSystem="HL70527" Usage="P" /><ValueElement Value="DW" DisplayName="day of the week (begins with Monday)" CodeSystem="HL70527" Usage="P" /><ValueElement Value="MY" DisplayName="month of the year" CodeSystem="HL70527" Usage="P" /><ValueElement Value="WY" DisplayName="week of the year" CodeSystem="HL70527" Usage="P" /><ValueElement Value="DY" DisplayName="day of the year" CodeSystem="HL70527" Usage="P" /><ValueElement Value="NH" DisplayName="minute of the hour" CodeSystem="HL70527" Usage="P" /></ValueSetDefinition><ValueSetDefinition BindingIdentifier="0193" Name="0193" Description="Amount class" Oid="UNSPECIFIED" Stability="Static" Extensibility="Open" ContentDefinition="Extensional"><ValueElement Value="AT" DisplayName="Amount" CodeSystem="HL70193" Usage="P" /><ValueElement Value="UL" DisplayName="Unlimited" CodeSystem="HL70193" Usage="P" /><ValueElement Value="LM" DisplayName="Limit" CodeSystem="HL70193" Usage="P" /><ValueElement Value="PC" DisplayName="Percentage" CodeSystem="HL70193" Usage="P" /></ValueSetDefinition><ValueSetDefinition BindingIdentifier="0524" Name="0524" Description="Sequence condition" Oid="UNSPECIFIED" Stability="Static" Extensibility="Open" ContentDefinition="Extensional"><ValueElement Value="C" DisplayName="Repeating cycle of orders" CodeSystem="HL70524" Usage="P" /><ValueElement Value="R" DisplayName="Reserved for possible future use" CodeSystem="HL70524" Usage="P" /><ValueElement Value="S" DisplayName="Sequence conditions" CodeSystem="HL70524" Usage="P" /></ValueSetDefinition><ValueSetDefinition BindingIdentifier="0203" Name="0203" Description="Identifier type" Oid="UNSPECIFIED" Stability="Static" Extensibility="Open" ContentDefinition="Extensional"><ValueElement Value="IND" DisplayName="Indigenous/Aboriginal" CodeSystem="HL70203" Usage="P" /><ValueElement Value="MCD" DisplayName="Practitioner Medicaid number" CodeSystem="HL70203" Usage="P" /><ValueElement Value="NE" DisplayName="National employer identifier" CodeSystem="HL70203" Usage="P" /><ValueElement Value="OD" DisplayName="Optometrist license number" CodeSystem="HL70203" Usage="P" /><ValueElement Value="PPN" DisplayName="Passport number" CodeSystem="HL70203" Usage="P" /><ValueElement Value="RR" DisplayName="Railroad Retirement number" CodeSystem="HL70203" Usage="P" /><ValueElement Value="U" DisplayName="Unspecified identifier" CodeSystem="HL70203" Usage="P" /><ValueElement Value="APRN" DisplayName="Advanced Practice Registered Nurse number" CodeSystem="HL70203" Usage="P" /><ValueElement Value="DEA" DisplayName="Drug Enforcement Administration registration number" CodeSystem="HL70203" Usage="P" /><ValueElement Value="DS" DisplayName="Discover Card" CodeSystem="HL70203" Usage="P" /><ValueElement Value="LN" DisplayName="License number" CodeSystem="HL70203" Usage="P" /><ValueElement Value="MD" DisplayName="Medical License number" CodeSystem="HL70203" Usage="P" /><ValueElement Value="NII" DisplayName="National Insurance Organization Identifier" CodeSystem="HL70203" Usage="P" /><ValueElement Value="PE" DisplayName="Living Subject Enterprise Number" CodeSystem="HL70203" Usage="P" /><ValueElement Value="PT" DisplayName="Patient external identifier" CodeSystem="HL70203" Usage="P" /><ValueElement Value="SN" DisplayName="Subscriber Number" CodeSystem="HL70203" Usage="P" /><ValueElement Value="AN" DisplayName="Account number" CodeSystem="HL70203" Usage="P" /><ValueElement Value="VS" DisplayName="VISA" CodeSystem="HL70203" Usage="P" /><ValueElement Value="BR" DisplayName="Birth registry number" CodeSystem="HL70203" Usage="P" /><ValueElement Value="DL" DisplayName="Driver's license number" CodeSystem="HL70203" Usage="P" /><ValueElement Value="FI" DisplayName="Facility ID" CodeSystem="HL70203" Usage="P" /><ValueElement Value="GN" DisplayName="Guarantor external  identifier" CodeSystem="HL70203" Usage="P" /><ValueElement Value="MB" DisplayName="Member Number" CodeSystem="HL70203" Usage="P" /><ValueElement Value="MRT" DisplayName="Temporary Medical Record Number" CodeSystem="HL70203" Usage="P" /><ValueElement Value="NP" DisplayName="Nurse practitioner number" CodeSystem="HL70203" Usage="P" /><ValueElement Value="PN" DisplayName="Person number" CodeSystem="HL70203" Usage="P" /><ValueElement Value="RN" DisplayName="Registered Nurse Number" CodeSystem="HL70203" Usage="P" /><ValueElement Value="TAX" DisplayName="Tax ID number" CodeSystem="HL70203" Usage="P" /><ValueElement Value="ANON" DisplayName="Anonymous identifier" CodeSystem="HL70203" Usage="P" /><ValueElement Value="XX" DisplayName="Organization identifier" CodeSystem="HL70203" Usage="P" /><ValueElement Value="CY" DisplayName="County number" CodeSystem="HL70203" Usage="P" /><ValueElement Value="DPM" DisplayName="Podiatrist license number" CodeSystem="HL70203" Usage="P" /><ValueElement Value="JHN" DisplayName="Jurisdictional health number (Canada)" CodeSystem="HL70203" Usage="P" /><ValueElement Value="MCN" DisplayName="Microchip Number" CodeSystem="HL70203" Usage="P" /><ValueElement Value="NH" DisplayName="National Health Plan Identifier" CodeSystem="HL70203" Usage="P" /><ValueElement Value="PA" DisplayName="Physician Assistant number" CodeSystem="HL70203" Usage="P" /><ValueElement Value="PRC" DisplayName="Permanent Resident Card Number" CodeSystem="HL70203" Usage="P" /><ValueElement Value="RRI" DisplayName="Regional registry ID" CodeSystem="HL70203" Usage="P" /><ValueElement Value="UPIN" DisplayName="Medicare/CMS (formerly HCFA)'s Universal Physician Identification numbers" CodeSystem="HL70203" Usage="P" /><ValueElement Value="BA" DisplayName="Bank Account Number" CodeSystem="HL70203" Usage="P" /><ValueElement Value="DFN" DisplayName="Drug Furnishing or prescriptive authority Number" CodeSystem="HL70203" Usage="P" /><ValueElement Value="EI" DisplayName="Employee number" CodeSystem="HL70203" Usage="P" /><ValueElement Value="LR" DisplayName="Local Registry ID" CodeSystem="HL70203" Usage="P" /><ValueElement Value="MI" DisplayName="Military ID number" CodeSystem="HL70203" Usage="P" /><ValueElement Value="NIIP" DisplayName="National Insurance Payor Identifier (Payor)" CodeSystem="HL70203" Usage="P" /><ValueElement Value="PEN" DisplayName="Pension Number" CodeSystem="HL70203" Usage="P" /><ValueElement Value="QA" DisplayName="QA number" CodeSystem="HL70203" Usage="P" /><ValueElement Value="SR" DisplayName="State registry ID" CodeSystem="HL70203" Usage="P" /><ValueElement Value="ANC" DisplayName="Account number Creditor" CodeSystem="HL70203" Usage="P" /><ValueElement Value="WC" DisplayName="WIC identifier" CodeSystem="HL70203" Usage="P" /><ValueElement Value="BRN" DisplayName="Breed Registry Number" CodeSystem="HL70203" Usage="P" /><ValueElement Value="DN" DisplayName="Doctor number" CodeSystem="HL70203" Usage="P" /><ValueElement Value="GI" DisplayName="Guarantor internal identifier" CodeSystem="HL70203" Usage="P" /><ValueElement Value="HC" DisplayName="Health Card Number" CodeSystem="HL70203" Usage="P" /><ValueElement Value="MC" DisplayName="Patient's Medicare number" CodeSystem="HL70203" Usage="P" /><ValueElement Value="MS" DisplayName="MasterCard" CodeSystem="HL70203" Usage="P" /><ValueElement Value="NPI" DisplayName="National provider identifier" CodeSystem="HL70203" Usage="P" /><ValueElement Value="PNT" DisplayName="Temporary Living Subject Number" CodeSystem="HL70203" Usage="P" /><ValueElement Value="RPH" DisplayName="Pharmacist license number" CodeSystem="HL70203" Usage="P" /><ValueElement Value="TN" DisplayName="Treaty Number/ (Canada)" CodeSystem="HL70203" Usage="P" /><ValueElement Value="ANT" DisplayName="Temporary Account Number" CodeSystem="HL70203" Usage="P" /><ValueElement Value="DDS" DisplayName="Dentist license number" CodeSystem="HL70203" Usage="P" /><ValueElement Value="DR" DisplayName="Donor Registration Number" CodeSystem="HL70203" Usage="P" /><ValueElement Value="LI" DisplayName="Labor and industries number" CodeSystem="HL70203" Usage="P" /><ValueElement Value="MCR" DisplayName="Practitioner Medicare number" CodeSystem="HL70203" Usage="P" /><ValueElement Value="NI" DisplayName="National unique individual identifier" CodeSystem="HL70203" Usage="P" /><ValueElement Value="PCN" DisplayName="Penitentiary/correctional institution Number" CodeSystem="HL70203" Usage="P" /><ValueElement Value="PRN" DisplayName="Provider number" CodeSystem="HL70203" Usage="P" /><ValueElement Value="SL" DisplayName="State license" CodeSystem="HL70203" Usage="P" /><ValueElement Value="AM" DisplayName="American Express" CodeSystem="HL70203" Usage="P" /><ValueElement Value="VN" DisplayName="Visit number" CodeSystem="HL70203" Usage="P" /><ValueElement Value="BC" DisplayName="Bank Card Number" CodeSystem="HL70203" Usage="P" /><ValueElement Value="DI" DisplayName="Diner's Club card" CodeSystem="HL70203" Usage="P" /><ValueElement Value="EN" DisplayName="Employer number" CodeSystem="HL70203" Usage="P" /><ValueElement Value="GL" DisplayName="General ledger number" CodeSystem="HL70203" Usage="P" /><ValueElement Value="MA" DisplayName="Patient Medicaid number" CodeSystem="HL70203" Usage="P" /><ValueElement Value="MR" DisplayName="Medical record number" CodeSystem="HL70203" Usage="P" /><ValueElement Value="NNxxx" DisplayName="National Person Identifier where the xxx is the ISO table 3166 3-character (alphabetic) country code" CodeSystem="HL70203" Usage="P" /><ValueElement Value="PI" DisplayName="Patient internal identifier" CodeSystem="HL70203" Usage="P" /><ValueElement Value="RI" DisplayName="Resource identifier" CodeSystem="HL70203" Usage="P" /><ValueElement Value="SS" DisplayName="Social Security number" CodeSystem="HL70203" Usage="P" /><ValueElement Value="AND" DisplayName="Account number debitor" CodeSystem="HL70203" Usage="P" /><ValueElement Value="WCN" DisplayName="Workers' Comp Number" CodeSystem="HL70203" Usage="P" /><ValueElement Value="CC" DisplayName="Cost Center number" CodeSystem="HL70203" Usage="P" /><ValueElement Value="DO" DisplayName="Osteopathic License number" CodeSystem="HL70203" Usage="P" /></ValueSetDefinition><ValueSetDefinition BindingIdentifier="0302" Name="0302" Description="Point of care" Oid="UNSPECIFIED" Stability="Static" Extensibility="Open" ContentDefinition="Extensional"><ValueElement Value="..." DisplayName="No suggested values defined" CodeSystem="HL70302" Usage="P" /></ValueSetDefinition><ValueSetDefinition BindingIdentifier="0328" Name="0328" Description="Employee classification" Oid="UNSPECIFIED" Stability="Static" Extensibility="Open" ContentDefinition="Extensional"><ValueElement Value="..." DisplayName="No suggested values defined" CodeSystem="HL70328" Usage="P" /></ValueSetDefinition><ValueSetDefinition BindingIdentifier="0529" Name="0529" Description="Precision" Oid="UNSPECIFIED" Stability="Static" Extensibility="Open" ContentDefinition="Extensional"><ValueElement Value="M" DisplayName="minute" CodeSystem="HL70529" Usage="P" /><ValueElement Value="H" DisplayName="hour" CodeSystem="HL70529" Usage="P" /><ValueElement Value="S" DisplayName="second" CodeSystem="HL70529" Usage="P" /><ValueElement Value="L" DisplayName="month" CodeSystem="HL70529" Usage="P" /><ValueElement Value="Y" DisplayName="year" CodeSystem="HL70529" Usage="P" /><ValueElement Value="D" DisplayName="day" CodeSystem="HL70529" Usage="P" /></ValueSetDefinition><ValueSetDefinition BindingIdentifier="0136" Name="0136" Description="Yes/no indicator" Oid="UNSPECIFIED" Stability="Static" Extensibility="Open" ContentDefinition="Extensional"><ValueElement Value="N" DisplayName="No" CodeSystem="HL70136" Usage="P" /><ValueElement Value="Y" DisplayName="Yes" CodeSystem="HL70136" Usage="P" /></ValueSetDefinition><ValueSetDefinition BindingIdentifier="0061" Name="0061" Description="Check digit scheme" Oid="UNSPECIFIED" Stability="Static" Extensibility="Open" ContentDefinition="Extensional"><ValueElement Value="M11" DisplayName="Mod 11 algorithm" CodeSystem="HL70061" Usage="P" /><ValueElement Value="ISO" DisplayName="ISO 7064: 1983" CodeSystem="HL70061" Usage="P" /><ValueElement Value="NPI" DisplayName="Check digit algorithm in the US National Provider Identifier" CodeSystem="HL70061" Usage="P" /><ValueElement Value="M10" DisplayName="Mod 10 algorithm" CodeSystem="HL70061" Usage="P" /></ValueSetDefinition><ValueSetDefinition BindingIdentifier="0440" Name="0440" Description="Data types" Oid="UNSPECIFIED" Stability="Static" Extensibility="Open" ContentDefinition="Extensional"><ValueElement Value="TX" DisplayName="Text data" CodeSystem="HL70440" Usage="P" /><ValueElement Value="XCN" DisplayName="Extended composite ID number and name" CodeSystem="HL70440" Usage="P" /><ValueElement Value="CK" DisplayName="Composite ID with check digit" CodeSystem="HL70440" Usage="P" /><ValueElement Value="CWE" DisplayName="Coded with exceptions" CodeSystem="HL70440" Usage="P" /><ValueElement Value="DT" DisplayName="Date" CodeSystem="HL70440" Usage="P" /><ValueElement Value="FC" DisplayName="Financial class" CodeSystem="HL70440" Usage="P" /><ValueElement Value="JCC" DisplayName="Job code/class" CodeSystem="HL70440" Usage="P" /><ValueElement Value="NA" DisplayName="Numeric array" CodeSystem="HL70440" Usage="P" /><ValueElement Value="RI" DisplayName="Repeat interval" CodeSystem="HL70440" Usage="P" /><ValueElement Value="PL" DisplayName="Person location" CodeSystem="HL70440" Usage="P" /><ValueElement Value="SPD" DisplayName="Specialty description" CodeSystem="HL70440" Usage="P" /><ValueElement Value="VID" DisplayName="Version identifier" CodeSystem="HL70440" Usage="P" /><ValueElement Value="CCD" DisplayName="Charge code and date" CodeSystem="HL70440" Usage="P" /><ValueElement Value="XTN" DisplayName="Extended telecommunications number" CodeSystem="HL70440" Usage="P" /><ValueElement Value="CNE" DisplayName="Coded with no exceptions" CodeSystem="HL70440" Usage="P" /><ValueElement Value="DIN" DisplayName="Date and institution name" CodeSystem="HL70440" Usage="P" /><ValueElement Value="ED" DisplayName="Encapsulated data" CodeSystem="HL70440" Usage="P" /><ValueElement Value="GTS" DisplayName="General timing specification" CodeSystem="HL70440" Usage="P" /><ValueElement Value="MA" DisplayName="Multiplexed array" CodeSystem="HL70440" Usage="P" /><ValueElement Value="PTA" DisplayName="Policy type and amount" CodeSystem="HL70440" Usage="P" /><ValueElement Value="NR" DisplayName="Numeric range" CodeSystem="HL70440" Usage="P" /><ValueElement Value="RPT" DisplayName="Repeat pattern" CodeSystem="HL70440" Usage="P" /><ValueElement Value="PPN" DisplayName="Performing person time stamp" CodeSystem="HL70440" Usage="P" /><ValueElement Value="ST" DisplayName="String" CodeSystem="HL70440" Usage="P" /><ValueElement Value="TQ" DisplayName="Timing/quantity" CodeSystem="HL70440" Usage="P" /><ValueElement Value="WVS" DisplayName="Waveform source" CodeSystem="HL70440" Usage="P" /><ValueElement Value="CE" DisplayName="Coded element" CodeSystem="HL70440" Usage="P" /><ValueElement Value="CQ" DisplayName="Composite quantity with units" CodeSystem="HL70440" Usage="P" /><ValueElement Value="DLT" DisplayName="Delta" CodeSystem="HL70440" Usage="P" /><ValueElement Value="ELD" DisplayName="Error location and description" CodeSystem="HL70440" Usage="P" /><ValueElement Value="ID" DisplayName="Coded values for HL7 tables" CodeSystem="HL70440" Usage="P" /><ValueElement Value="MOP" DisplayName="Money or percentage" CodeSystem="HL70440" Usage="P" /><ValueElement Value="RCD" DisplayName="Row column definition" CodeSystem="HL70440" Usage="P" /><ValueElement Value="OSP" DisplayName="Occurrence span code and date" CodeSystem="HL70440" Usage="P" /><ValueElement Value="SI" DisplayName="Sequence ID" CodeSystem="HL70440" Usage="P" /><ValueElement Value="UVC" DisplayName="UB value code and amount" CodeSystem="HL70440" Usage="P" /><ValueElement Value="AD" DisplayName="Address" CodeSystem="HL70440" Usage="P" /><ValueElement Value="XON" DisplayName="Extended composite name and ID number for organizations" CodeSystem="HL70440" Usage="P" /><ValueElement Value="CM" DisplayName="Composite" CodeSystem="HL70440" Usage="P" /><ValueElement Value="CX" DisplayName="Extended composite ID with check digit" CodeSystem="HL70440" Usage="P" /><ValueElement Value="DTM" DisplayName="Date/time" CodeSystem="HL70440" Usage="P" /><ValueElement Value="FN" DisplayName="Family name" CodeSystem="HL70440" Usage="P" /><ValueElement Value="LA1" DisplayName="Location with address variation 1" CodeSystem="HL70440" Usage="P" /><ValueElement Value="NDL" DisplayName="Name with location and date" CodeSystem="HL70440" Usage="P" /><ValueElement Value="RMC" DisplayName="Room coverage" CodeSystem="HL70440" Usage="P" /><ValueElement Value="PLN" DisplayName="Practitioner license or other ID number" CodeSystem="HL70440" Usage="P" /><ValueElement Value="SPS" DisplayName="Specimen source" CodeSystem="HL70440" Usage="P" /><ValueElement Value="VR" DisplayName="Value range" CodeSystem="HL70440" Usage="P" /><ValueElement Value="CCP" DisplayName="Channel calibration parameters" CodeSystem="HL70440" Usage="P" /><ValueElement Value="CNS" DisplayName="Composite ID number and name simplified" CodeSystem="HL70440" Usage="P" /><ValueElement Value="DLD" DisplayName="Discharge to location and date" CodeSystem="HL70440" Usage="P" /><ValueElement Value="EI" DisplayName="Entity identifier" CodeSystem="HL70440" Usage="P" /><ValueElement Value="HD" DisplayName="Hierarchic designator" CodeSystem="HL70440" Usage="P" /><ValueElement Value="MO" DisplayName="Money" CodeSystem="HL70440" Usage="P" /><ValueElement Value="QIP" DisplayName="Query input parameter list" CodeSystem="HL70440" Usage="P" /><ValueElement Value="OCD" DisplayName="Occurrence code and date" CodeSystem="HL70440" Usage="P" /><ValueElement Value="SAD" DisplayName="Street Address" CodeSystem="HL70440" Usage="P" /><ValueElement Value="PRL" DisplayName="Parent result link" CodeSystem="HL70440" Usage="P" /><ValueElement Value="TM" DisplayName="Time" CodeSystem="HL70440" Usage="P" /><ValueElement Value="TS" DisplayName="Time stamp" CodeSystem="HL70440" Usage="P" /><ValueElement Value="XAD" DisplayName="Extended address" CodeSystem="HL70440" Usage="P" /><ValueElement Value="CF" DisplayName="Coded element with formatted values" CodeSystem="HL70440" Usage="P" /><ValueElement Value="CSU" DisplayName="Channel sensitivity" CodeSystem="HL70440" Usage="P" /><ValueElement Value="DR" DisplayName="Date/time range" CodeSystem="HL70440" Usage="P" /><ValueElement Value="ERL" DisplayName="Error location" CodeSystem="HL70440" Usage="P" /><ValueElement Value="IS" DisplayName="Coded value for user-defined tables" CodeSystem="HL70440" Usage="P" /><ValueElement Value="MSG" DisplayName="Message type" CodeSystem="HL70440" Usage="P" /><ValueElement Value="RFR" DisplayName="Reference range" CodeSystem="HL70440" Usage="P" /><ValueElement Value="PIP" DisplayName="Practitioner institutional privileges" CodeSystem="HL70440" Usage="P" /><ValueElement Value="SN" DisplayName="Structured numeric" CodeSystem="HL70440" Usage="P" /><ValueElement Value="VH" DisplayName="Visiting hours" CodeSystem="HL70440" Usage="P" /><ValueElement Value="AUI" DisplayName="Authorization information" CodeSystem="HL70440" Usage="P" /><ValueElement Value="XPN" DisplayName="Extended person name" CodeSystem="HL70440" Usage="P" /><ValueElement Value="CN" DisplayName="Composite ID number and name" CodeSystem="HL70440" Usage="P" /><ValueElement Value="DDI" DisplayName="Daily deductible information" CodeSystem="HL70440" Usage="P" /><ValueElement Value="DTN" DisplayName="Day type and number" CodeSystem="HL70440" Usage="P" /><ValueElement Value="FT" DisplayName="Formatted text" CodeSystem="HL70440" Usage="P" /><ValueElement Value="LA2" DisplayName="Location with address variation 2" CodeSystem="HL70440" Usage="P" /><ValueElement Value="NM" DisplayName="Numeric" CodeSystem="HL70440" Usage="P" /><ValueElement Value="RP" DisplayName="Reference pointer" CodeSystem="HL70440" Usage="P" /><ValueElement Value="PN" DisplayName="Person name" CodeSystem="HL70440" Usage="P" /><ValueElement Value="SRT" DisplayName="Sort order" CodeSystem="HL70440" Usage="P" /><ValueElement Value="WVI" DisplayName="Channel Identifier" CodeSystem="HL70440" Usage="P" /><ValueElement Value="CD" DisplayName="Channel definition" CodeSystem="HL70440" Usage="P" /><ValueElement Value="CP" DisplayName="Composite price" CodeSystem="HL70440" Usage="P" /><ValueElement Value="DLN" DisplayName="Driver's license number" CodeSystem="HL70440" Usage="P" /><ValueElement Value="EIP" DisplayName="Entity identifier pair" CodeSystem="HL70440" Usage="P" /><ValueElement Value="ICD" DisplayName="Insurance certification definition" CodeSystem="HL70440" Usage="P" /><ValueElement Value="MOC" DisplayName="Money and charge code" CodeSystem="HL70440" Usage="P" /><ValueElement Value="QSC" DisplayName="Query selection criteria" CodeSystem="HL70440" Usage="P" /><ValueElement Value="OSD" DisplayName="Order sequence definition" CodeSystem="HL70440" Usage="P" /><ValueElement Value="SCV" DisplayName="Scheduling class value pair" CodeSystem="HL70440" Usage="P" /><ValueElement Value="PT" DisplayName="Processing type" CodeSystem="HL70440" Usage="P" /><ValueElement Value="TN" DisplayName="Telephone number" CodeSystem="HL70440" Usage="P" /></ValueSetDefinition><ValueSetDefinition BindingIdentifier="0333" Name="0333" Description="Driver's license issuing authority" Oid="UNSPECIFIED" Stability="Static" Extensibility="Open" ContentDefinition="Extensional"><ValueElement Value="..." DisplayName="No suggested values defined" CodeSystem="HL70333" Usage="P" /></ValueSetDefinition><ValueSetDefinition BindingIdentifier="0357" Name="0357" Description="Message error condition codes" Oid="UNSPECIFIED" Stability="Static" Extensibility="Open" ContentDefinition="Extensional"><ValueElement Value="202" DisplayName="Unsupported processing id" CodeSystem="HL70357" Usage="P" /><ValueElement Value="101" DisplayName="Required field missing" CodeSystem="HL70357" Usage="P" /><ValueElement Value="205" DisplayName="Duplicate key identifier" CodeSystem="HL70357" Usage="P" /><ValueElement Value="200" DisplayName="Unsupported message type" CodeSystem="HL70357" Usage="P" /><ValueElement Value="0" DisplayName="Message accepted" CodeSystem="HL70357" Usage="P" /><ValueElement Value="203" DisplayName="Unsupported version id" CodeSystem="HL70357" Usage="P" /><ValueElement Value="102" DisplayName="Data type error" CodeSystem="HL70357" Usage="P" /><ValueElement Value="206" DisplayName="Application record locked" CodeSystem="HL70357" Usage="P" /><ValueElement Value="201" DisplayName="Unsupported event code" CodeSystem="HL70357" Usage="P" /><ValueElement Value="100" DisplayName="Segment sequence error" CodeSystem="HL70357" Usage="P" /><ValueElement Value="204" DisplayName="Unknown key identifier" CodeSystem="HL70357" Usage="P" /><ValueElement Value="103" DisplayName="Table value not found" CodeSystem="HL70357" Usage="P" /><ValueElement Value="207" DisplayName="Application internal error" CodeSystem="HL70357" Usage="P" /></ValueSetDefinition><ValueSetDefinition BindingIdentifier="0149" Name="0149" Description="Day type" Oid="UNSPECIFIED" Stability="Static" Extensibility="Open" ContentDefinition="Extensional"><ValueElement Value="AP" DisplayName="Approved" CodeSystem="HL70149" Usage="P" /><ValueElement Value="DE" DisplayName="Denied" CodeSystem="HL70149" Usage="P" /><ValueElement Value="PE" DisplayName="Pending" CodeSystem="HL70149" Usage="P" /></ValueSetDefinition><ValueSetDefinition BindingIdentifier="0472" Name="0472" Description="TQ conjunction ID" Oid="UNSPECIFIED" Stability="Static" Extensibility="Open" ContentDefinition="Extensional"><ValueElement Value="C" DisplayName="Actuation Time" CodeSystem="HL70472" Usage="P" /><ValueElement Value="S" DisplayName="Synchronous" CodeSystem="HL70472" Usage="P" /><ValueElement Value="A" DisplayName="Asynchronous" CodeSystem="HL70472" Usage="P" /></ValueSetDefinition><ValueSetDefinition BindingIdentifier="0147" Name="0147" Description="Policy type" Oid="UNSPECIFIED" Stability="Static" Extensibility="Open" ContentDefinition="Extensional"><ValueElement Value="MMD" DisplayName="Major medical" CodeSystem="HL70147" Usage="P" /><ValueElement Value="3MMD" DisplayName="Third major medical" CodeSystem="HL70147" Usage="P" /><ValueElement Value="2ANC" DisplayName="Second ancillary" CodeSystem="HL70147" Usage="P" /><ValueElement Value="ANC" DisplayName="Ancillary" CodeSystem="HL70147" Usage="P" /><ValueElement Value="2MMD" DisplayName="Second major medical" CodeSystem="HL70147" Usage="P" /></ValueSetDefinition><ValueSetDefinition BindingIdentifier="0335" Name="0335" Description="Repeat pattern" Oid="UNSPECIFIED" Stability="Static" Extensibility="Open" ContentDefinition="Extensional"><ValueElement Value="QAM" DisplayName="in the morning at institution-specified time" CodeSystem="HL70335" Usage="P" /><ValueElement Value="C" DisplayName="service is provided continuously between start time and stop time" CodeSystem="HL70335" Usage="P" /><ValueElement Value="PRNxxx" DisplayName="where xxx is some frequency code" CodeSystem="HL70335" Usage="P" /><ValueElement Value="QOD" DisplayName="every other day" CodeSystem="HL70335" Usage="P" /><ValueElement Value="TID" DisplayName="three times a day at institution-specified times" CodeSystem="HL70335" Usage="P" /><ValueElement Value="M" DisplayName="Cibus Matutinus (breakfast)" CodeSystem="HL70335" Usage="P" /><ValueElement Value="Q&lt;integer&gt;J&lt;day#&gt;" DisplayName="repeats on a particular day of the week," CodeSystem="HL70335" Usage="P" /><ValueElement Value="xID" DisplayName="&quot;X&quot;? times per day at institution-specified times, where X is a numeral 5 or greater." CodeSystem="HL70335" Usage="P" /><ValueElement Value="A" DisplayName="Ante (before)" CodeSystem="HL70335" Usage="P" /><ValueElement Value="P" DisplayName="Post (after)" CodeSystem="HL70335" Usage="P" /><ValueElement Value="Q&lt;integer&gt;S" DisplayName="every &lt;integer&gt; seconds" CodeSystem="HL70335" Usage="P" /><ValueElement Value="QHS" DisplayName="every day before the hour of sleep" CodeSystem="HL70335" Usage="P" /><ValueElement Value="D" DisplayName="Cibus Diurnus (lunch)" CodeSystem="HL70335" Usage="P" /><ValueElement Value="Q&lt;integer&gt;D" DisplayName="every &lt;integer&gt; days" CodeSystem="HL70335" Usage="P" /><ValueElement Value="QPM" DisplayName="in the evening at institution-specified time" CodeSystem="HL70335" Usage="P" /><ValueElement Value="U &lt;spec&gt;" DisplayName="for future use, where &lt;spec&gt; is an interval specification as defined by the UNIX cron specification." CodeSystem="HL70335" Usage="P" /><ValueElement Value="Meal Related Timings" DisplayName="&lt;timing&gt;C (&quot;cum&quot;)&lt;meal&gt;" CodeSystem="HL70335" Usage="P" /><ValueElement Value="Q&lt;integer&gt;L" DisplayName="every &lt;integer&gt; months (Lunar cycle)" CodeSystem="HL70335" Usage="P" /><ValueElement Value="Q&lt;integer&gt;W" DisplayName="every &lt;integer&gt; weeks" CodeSystem="HL70335" Usage="P" /><ValueElement Value="BID" DisplayName="twice a day at institution-specified times" CodeSystem="HL70335" Usage="P" /><ValueElement Value="PRN" DisplayName="given as needed" CodeSystem="HL70335" Usage="P" /><ValueElement Value="QID" DisplayName="four times a day at institution-specified times" CodeSystem="HL70335" Usage="P" /><ValueElement Value="I" DisplayName="Inter" CodeSystem="HL70335" Usage="P" /><ValueElement Value="Q&lt;integer&gt;H" DisplayName="every &lt;integer&gt; hours" CodeSystem="HL70335" Usage="P" /><ValueElement Value="QSHIFT" DisplayName="during each of three eight-hour shifts at institution-specified times" CodeSystem="HL70335" Usage="P" /><ValueElement Value="V" DisplayName="Cibus Vespertinus (dinner)" CodeSystem="HL70335" Usage="P" /><ValueElement Value="Once" DisplayName="one time only." CodeSystem="HL70335" Usage="P" /><ValueElement Value="Q&lt;integer&gt;M" DisplayName="every &lt;integer&gt; minutes" CodeSystem="HL70335" Usage="P" /></ValueSetDefinition><ValueSetDefinition BindingIdentifier="0298" Name="0298" Description="CP range type" Oid="UNSPECIFIED" Stability="Static" Extensibility="Open" ContentDefinition="Extensional"><ValueElement Value="F" DisplayName="Flat-rate. Apply the entire price to this interval, do not pro-rate the price if the full interval has not occurred/been consumed" CodeSystem="HL70298" Usage="P" /><ValueElement Value="P" DisplayName="Pro-rate. Apply this price to this interval, pro-rated by whatever portion of the interval has occurred/been consumed" CodeSystem="HL70298" Usage="P" /></ValueSetDefinition><ValueSetDefinition BindingIdentifier="0202" Name="0202" Description="Telecommunication equipment type" Oid="UNSPECIFIED" Stability="Static" Extensibility="Open" ContentDefinition="Extensional"><ValueElement Value="TTY" DisplayName="Teletypewriter" CodeSystem="HL70202" Usage="P" /><ValueElement Value="FX" DisplayName="Fax" CodeSystem="HL70202" Usage="P" /><ValueElement Value="PH" DisplayName="Telephone" CodeSystem="HL70202" Usage="P" /><ValueElement Value="BP" DisplayName="Beeper" CodeSystem="HL70202" Usage="P" /><ValueElement Value="X.400" DisplayName="X.400 email address: Use Only If Telecommunication Use Code Is NET" CodeSystem="HL70202" Usage="P" /><ValueElement Value="Internet" DisplayName="Internet Address: Use Only If Telecommunication Use Code Is NET" CodeSystem="HL70202" Usage="P" /><ValueElement Value="TDD" DisplayName="Telecommunications Device for the Deaf" CodeSystem="HL70202" Usage="P" /><ValueElement Value="CP" DisplayName="Cellular Phone" CodeSystem="HL70202" Usage="P" /><ValueElement Value="MD" DisplayName="Modem" CodeSystem="HL70202" Usage="P" /></ValueSetDefinition><ValueSetDefinition BindingIdentifier="0301" Name="0301" Description="Universal ID type" Oid="UNSPECIFIED" Stability="Static" Extensibility="Open" ContentDefinition="Extensional"><ValueElement Value="L,M,N" DisplayName="These are reserved for locally defined coding schemes." CodeSystem="HL70301" Usage="P" /><ValueElement Value="GUID" DisplayName="Same as UUID." CodeSystem="HL70301" Usage="P" /><ValueElement Value="URI" DisplayName="Uniform Resource Identifier" CodeSystem="HL70301" Usage="P" /><ValueElement Value="ISO" DisplayName="An International Standards Organization Object Identifier" CodeSystem="HL70301" Usage="P" /><ValueElement Value="x500" DisplayName="An X.500 directory name" CodeSystem="HL70301" Usage="P" /><ValueElement Value="B" DisplayName="null" CodeSystem="HL70301" Usage="P" /><ValueElement Value="M" DisplayName="null" CodeSystem="HL70301" Usage="P" /><ValueElement Value="HCD" DisplayName="The CEN Healthcare Coding Scheme Designator. (Identifiers used in DICOM follow this assignment scheme.)" CodeSystem="HL70301" Usage="P" /><ValueElement Value="UUID" DisplayName="The DCE Universal Unique Identifier" CodeSystem="HL70301" Usage="P" /><ValueElement Value="L" DisplayName="null" CodeSystem="HL70301" Usage="P" /><ValueElement Value="DNS" DisplayName="An Internet dotted name. Either in ASCII or as integers" CodeSystem="HL70301" Usage="P" /><ValueElement Value="Random" DisplayName="Usually a base64 encoded string of random bits.&lt;p&gt;The uniqueness depends on the length of the bits. Mail systems often generate ASCII string &quot;unique names,&quot; from a combination of random bits and system names. Obviously, such identifiers will not be constr" CodeSystem="HL70301" Usage="P" /><ValueElement Value="HL7" DisplayName="Reserved for future HL7 registration schemes" CodeSystem="HL70301" Usage="P" /><ValueElement Value="x400" DisplayName="An X.400 MHS format identifier" CodeSystem="HL70301" Usage="P" /></ValueSetDefinition><ValueSetDefinition BindingIdentifier="0304" Name="0304" Description="Bed" Oid="UNSPECIFIED" Stability="Static" Extensibility="Open" ContentDefinition="Extensional"><ValueElement Value="..." DisplayName="No suggested values defined" CodeSystem="HL70304" Usage="P" /></ValueSetDefinition><ValueSetDefinition BindingIdentifier="0363" Name="0363" Description="Assigning authority" Oid="UNSPECIFIED" Stability="Static" Extensibility="Open" ContentDefinition="Extensional"><ValueElement Value="..." DisplayName="No suggested values" CodeSystem="HL70363" Usage="P" /></ValueSetDefinition><ValueSetDefinition BindingIdentifier="0327" Name="0327" Description="Job code" Oid="UNSPECIFIED" Stability="Static" Extensibility="Open" ContentDefinition="Extensional"><ValueElement Value="..." DisplayName="No suggested values defined" CodeSystem="HL70327" Usage="P" /></ValueSetDefinition><ValueSetDefinition BindingIdentifier="0146" Name="0146" Description="Amount type" Oid="UNSPECIFIED" Stability="Static" Extensibility="Open" ContentDefinition="Extensional"><ValueElement Value="LM" DisplayName="Limit" CodeSystem="HL70146" Usage="P" /><ValueElement Value="UL" DisplayName="Unlimited" CodeSystem="HL70146" Usage="P" /><ValueElement Value="PC" DisplayName="Percentage" CodeSystem="HL70146" Usage="P" /><ValueElement Value="DF" DisplayName="Differential" CodeSystem="HL70146" Usage="P" /><ValueElement Value="RT" DisplayName="Rate" CodeSystem="HL70146" Usage="P" /></ValueSetDefinition><ValueSetDefinition BindingIdentifier="0396" Name="0396" Description="Coding system" Oid="UNSPECIFIED" Stability="Static" Extensibility="Open" ContentDefinition="Extensional"><ValueElement Value="HPC" DisplayName="CMS (formerly HCFA )Procedure Codes (HCPCS)" CodeSystem="HL70396" Usage="P" /><ValueElement Value="ICD10AM" DisplayName="ICD-10 Australian modification" CodeSystem="HL70396" Usage="P" /><ValueElement Value="IUPP" DisplayName="IUPAC/IFCC Property Codes" CodeSystem="HL70396" Usage="P" /><ValueElement Value="MDDX" DisplayName="Medispan Diagnostic Codes" CodeSystem="HL70396" Usage="P" /><ValueElement Value="NIC" DisplayName="Nursing Interventions Classification" CodeSystem="HL70396" Usage="P" /><ValueElement Value="99zzz or L" DisplayName="Local general code (where z is an alphanumeric character)" CodeSystem="HL70396" Usage="P" /><ValueElement Value="SNM3" DisplayName="SNOMED International" CodeSystem="HL70396" Usage="P" /><ValueElement Value="C5" DisplayName="CPT-5" CodeSystem="HL70396" Usage="P" /><ValueElement Value="W1" DisplayName="WHO record # drug codes (6 digit)" CodeSystem="HL70396" Usage="P" /><ValueElement Value="CPTM" DisplayName="CPT Modifier Code" CodeSystem="HL70396" Usage="P" /><ValueElement Value="ENZC" DisplayName="Enzyme Codes" CodeSystem="HL70396" Usage="P" /><ValueElement Value="HCPT" DisplayName="Health Care Provider Taxonomy" CodeSystem="HL70396" Usage="P" /><ValueElement Value="I9" DisplayName="ICD9" CodeSystem="HL70396" Usage="P" /><ValueElement Value="ICS" DisplayName="ICCS" CodeSystem="HL70396" Usage="P" /><ValueElement Value="JJ1017" DisplayName="Japanese Image Examination Cache" CodeSystem="HL70396" Usage="P" /><ValueElement Value="MEDX" DisplayName="Medical Economics Diagnostic Codes" CodeSystem="HL70396" Usage="P" /><ValueElement Value="OHA" DisplayName="Omaha System" CodeSystem="HL70396" Usage="P" /><ValueElement Value="ART" DisplayName="WHO Adverse Reaction Terms" CodeSystem="HL70396" Usage="P" /><ValueElement Value="UMD" DisplayName="MDNS" CodeSystem="HL70396" Usage="P" /><ValueElement Value="CDCA" DisplayName="CDC Analyte Codes" CodeSystem="HL70396" Usage="P" /><ValueElement Value="WC" DisplayName="WHO ATC" CodeSystem="HL70396" Usage="P" /><ValueElement Value="DCM" DisplayName="DICOM Controlled Terminology" CodeSystem="HL70396" Usage="P" /><ValueElement Value="FDK" DisplayName="FDA K10" CodeSystem="HL70396" Usage="P" /><ValueElement Value="HL7nnnn" DisplayName="HL7 Defined Codes where nnnn is the HL7 table number" CodeSystem="HL70396" Usage="P" /><ValueElement Value="IBTnnnn" DisplayName="ISBT 128 codes where nnnn  specifies a specific table within ISBT 128." CodeSystem="HL70396" Usage="P" /><ValueElement Value="ISOnnnn" DisplayName="ISO Defined Codes where nnnn is the ISO table number" CodeSystem="HL70396" Usage="P" /><ValueElement Value="MCD" DisplayName="Medicaid" CodeSystem="HL70396" Usage="P" /><ValueElement Value="NDA" DisplayName="NANDA" CodeSystem="HL70396" Usage="P" /><ValueElement Value="SDM" DisplayName="SNOMED- DICOM Microglossary" CodeSystem="HL70396" Usage="P" /><ValueElement Value="ATC" DisplayName="American Type Culture Collection" CodeSystem="HL70396" Usage="P" /><ValueElement Value="UPIN" DisplayName="UPIN" CodeSystem="HL70396" Usage="P" /><ValueElement Value="CE" DisplayName="CEN ECG diagnostic codes" CodeSystem="HL70396" Usage="P" /><ValueElement Value="E6" DisplayName="Euclides Lab method codes" CodeSystem="HL70396" Usage="P" /><ValueElement Value="I10" DisplayName="ICD-10" CodeSystem="HL70396" Usage="P" /><ValueElement Value="ICD10CA" DisplayName="ICD-10 Canada" CodeSystem="HL70396" Usage="P" /><ValueElement Value="JC10" DisplayName="JLAC/JSLM, nationwide laboratory code" CodeSystem="HL70396" Usage="P" /><ValueElement Value="MEDC" DisplayName="Medical Economics Drug Codes" CodeSystem="HL70396" Usage="P" /><ValueElement Value="NPI" DisplayName="National Provider Identifier" CodeSystem="HL70396" Usage="P" /><ValueElement Value="ACR" DisplayName="American College of Radiology finding codes" CodeSystem="HL70396" Usage="P" /><ValueElement Value="SNT" DisplayName="SNOMED topology codes (anatomic sites)" CodeSystem="HL70396" Usage="P" /><ValueElement Value="CAS" DisplayName="Chemical abstract codes" CodeSystem="HL70396" Usage="P" /><ValueElement Value="W2" DisplayName="WHO record # drug codes (8 digit)" CodeSystem="HL70396" Usage="P" /><ValueElement Value="CST" DisplayName="COSTART" CodeSystem="HL70396" Usage="P" /><ValueElement Value="FDDC" DisplayName="First DataBank Drug Codes" CodeSystem="HL70396" Usage="P" /><ValueElement Value="HHC" DisplayName="Home Health Care" CodeSystem="HL70396" Usage="P" /><ValueElement Value="I9C" DisplayName="ICD-9CM" CodeSystem="HL70396" Usage="P" /><ValueElement Value="ICSD" DisplayName="International Classification of Sleep Disorders" CodeSystem="HL70396" Usage="P" /><ValueElement Value="LB" DisplayName="Local billing code" CodeSystem="HL70396" Usage="P" /><ValueElement Value="MGPI" DisplayName="Medispan GPI" CodeSystem="HL70396" Usage="P" /><ValueElement Value="POS" DisplayName="POS Codes" CodeSystem="HL70396" Usage="P" /><ValueElement Value="AS4" DisplayName="ASTM E1238/ E1467 Universal" CodeSystem="HL70396" Usage="P" /><ValueElement Value="UML" DisplayName="Unified Medical Language" CodeSystem="HL70396" Usage="P" /><ValueElement Value="CDCM" DisplayName="CDC Methods/Instruments Codes" CodeSystem="HL70396" Usage="P" /><ValueElement Value="E" DisplayName="EUCLIDES" CodeSystem="HL70396" Usage="P" /><ValueElement Value="HB" DisplayName="HIBCC" CodeSystem="HL70396" Usage="P" /><ValueElement Value="HOT" DisplayName="Japanese Nationwide Medicine Code" CodeSystem="HL70396" Usage="P" /><ValueElement Value="IC2" DisplayName="ICHPPC-2" CodeSystem="HL70396" Usage="P" /><ValueElement Value="IUPC" DisplayName="IUPAC/IFCC Component Codes" CodeSystem="HL70396" Usage="P" /><ValueElement Value="MCR" DisplayName="Medicare" CodeSystem="HL70396" Usage="P" /><ValueElement Value="NDC" DisplayName="National drug codes" CodeSystem="HL70396" Usage="P" /><ValueElement Value="SNM" DisplayName="Systemized Nomenclature of Medicine (SNOMED)" CodeSystem="HL70396" Usage="P" /><ValueElement Value="C4" DisplayName="CPT-4" CodeSystem="HL70396" Usage="P" /><ValueElement Value="USPS" DisplayName="United States Postal Service" CodeSystem="HL70396" Usage="P" /><ValueElement Value="CLP" DisplayName="CLIP" CodeSystem="HL70396" Usage="P" /><ValueElement Value="E7" DisplayName="Euclides Lab equipment codes" CodeSystem="HL70396" Usage="P" /><ValueElement Value="I10P" DisplayName="ICD-10  Procedure Codes" CodeSystem="HL70396" Usage="P" /><ValueElement Value="ICDO" DisplayName="International Classification of Diseases for Oncology" CodeSystem="HL70396" Usage="P" /><ValueElement Value="JC8" DisplayName="Japanese Chemistry" CodeSystem="HL70396" Usage="P" /><ValueElement Value="MEDR" DisplayName="Medical Dictionary for Drug Regulatory Affairs (MEDDRA)" CodeSystem="HL70396" Usage="P" /><ValueElement Value="NUBC" DisplayName="National Uniform Billing Committee Code" CodeSystem="HL70396" Usage="P" /><ValueElement Value="ANS+" DisplayName="HL7 set of units of measure" CodeSystem="HL70396" Usage="P" /><ValueElement Value="UC" DisplayName="UCDS" CodeSystem="HL70396" Usage="P" /><ValueElement Value="CD2" DisplayName="CDT-2 Codes" CodeSystem="HL70396" Usage="P" /><ValueElement Value="W4" DisplayName="WHO record # code with ASTM extension" CodeSystem="HL70396" Usage="P" /><ValueElement Value="CVX" DisplayName="CDC Vaccine Codes" CodeSystem="HL70396" Usage="P" /><ValueElement Value="FDDX" DisplayName="First DataBank Diagnostic Codes" CodeSystem="HL70396" Usage="P" /><ValueElement Value="HCPCS" DisplayName="CMS (formerly HCFA)  Common Procedure Coding System" CodeSystem="HL70396" Usage="P" /><ValueElement Value="HI" DisplayName="Health Outcomes" CodeSystem="HL70396" Usage="P" /><ValueElement Value="IBT" DisplayName="ISBT" CodeSystem="HL70396" Usage="P" /><ValueElement Value="ISO+" DisplayName="ISO 2955.83 (units of measure) with HL7 extensions" CodeSystem="HL70396" Usage="P" /><ValueElement Value="LN" DisplayName="Logical Observation Identifier Names and Codes (LOINC??)" CodeSystem="HL70396" Usage="P" /><ValueElement Value="MVX" DisplayName="CDC Vaccine Manufacturer Codes" CodeSystem="HL70396" Usage="P" /><ValueElement Value="RC" DisplayName="Read Classification" CodeSystem="HL70396" Usage="P" /><ValueElement Value="AS4E" DisplayName="AS4 Neurophysiology Codes" CodeSystem="HL70396" Usage="P" /><ValueElement Value="UPC" DisplayName="Universal Product Code" CodeSystem="HL70396" Usage="P" /><ValueElement Value="CDS" DisplayName="CDC Surveillance" CodeSystem="HL70396" Usage="P" /><ValueElement Value="E5" DisplayName="Euclides  quantity codes" CodeSystem="HL70396" Usage="P" /></ValueSetDefinition><ValueSetDefinition BindingIdentifier="0201" Name="0201" Description="Telecommunication use code" Oid="UNSPECIFIED" Stability="Static" Extensibility="Open" ContentDefinition="Extensional"><ValueElement Value="WPN" DisplayName="Work Number" CodeSystem="HL70201" Usage="P" /><ValueElement Value="EMR" DisplayName="Emergency Number" CodeSystem="HL70201" Usage="P" /><ValueElement Value="PRN" DisplayName="Primary Residence Number" CodeSystem="HL70201" Usage="P" /><ValueElement Value="ASN" DisplayName="Answering Service Number" CodeSystem="HL70201" Usage="P" /><ValueElement Value="NET" DisplayName="Network (email) Address" CodeSystem="HL70201" Usage="P" /><ValueElement Value="VHN" DisplayName="Vacation Home Number" CodeSystem="HL70201" Usage="P" /><ValueElement Value="BPN" DisplayName="Beeper Number" CodeSystem="HL70201" Usage="P" /><ValueElement Value="ORN" DisplayName="Other Residence Number" CodeSystem="HL70201" Usage="P" /></ValueSetDefinition><ValueSetDefinition BindingIdentifier="0306" Name="0306" Description="Location status" Oid="UNSPECIFIED" Stability="Static" Extensibility="Open" ContentDefinition="Extensional"><ValueElement Value="..." DisplayName="No suggested values defined" CodeSystem="HL70306" Usage="P" /></ValueSetDefinition><ValueSetDefinition BindingIdentifier="0303" Name="0303" Description="Room" Oid="UNSPECIFIED" Stability="Static" Extensibility="Open" ContentDefinition="Extensional"><ValueElement Value="..." DisplayName="No suggested values defined" CodeSystem="HL70303" Usage="P" /></ValueSetDefinition><ValueSetDefinition BindingIdentifier="0205" Name="0205" Description="Price type" Oid="UNSPECIFIED" Stability="Static" Extensibility="Open" ContentDefinition="Extensional"><ValueElement Value="TP" DisplayName="total price" CodeSystem="HL70205" Usage="P" /><ValueElement Value="AP" DisplayName="administrative price or handling fee" CodeSystem="HL70205" Usage="P" /><ValueElement Value="PF" DisplayName="professional fee for performing provider" CodeSystem="HL70205" Usage="P" /><ValueElement Value="UP" DisplayName="unit price, may be based on length of procedure or service" CodeSystem="HL70205" Usage="P" /><ValueElement Value="DC" DisplayName="direct unit cost" CodeSystem="HL70205" Usage="P" /><ValueElement Value="TF" DisplayName="technology fee for use of equipment" CodeSystem="HL70205" Usage="P" /><ValueElement Value="IC" DisplayName="indirect unit cost" CodeSystem="HL70205" Usage="P" /></ValueSetDefinition><ValueSetDefinition BindingIdentifier="0145" Name="0145" Description="Room type" Oid="UNSPECIFIED" Stability="Static" Extensibility="Open" ContentDefinition="Extensional"><ValueElement Value="2SPR" DisplayName="Second semi-private room" CodeSystem="HL70145" Usage="P" /><ValueElement Value="SPR" DisplayName="Semi-private room" CodeSystem="HL70145" Usage="P" /><ValueElement Value="2ICU" DisplayName="Second intensive care unit" CodeSystem="HL70145" Usage="P" /><ValueElement Value="ICU" DisplayName="Intensive care unit" CodeSystem="HL70145" Usage="P" /><ValueElement Value="2PRI" DisplayName="Second private room" CodeSystem="HL70145" Usage="P" /><ValueElement Value="PRI" DisplayName="Private room" CodeSystem="HL70145" Usage="P" /></ValueSetDefinition><ValueSetDefinition BindingIdentifier="0204" Name="0204" Description="Organizational name type" Oid="UNSPECIFIED" Stability="Static" Extensibility="Open" ContentDefinition="Extensional"><ValueElement Value="D" DisplayName="Display name" CodeSystem="HL70204" Usage="P" /><ValueElement Value="L" DisplayName="Legal name" CodeSystem="HL70204" Usage="P" /><ValueElement Value="A" DisplayName="Alias name" CodeSystem="HL70204" Usage="P" /><ValueElement Value="SL" DisplayName="Stock exchange listing name" CodeSystem="HL70204" Usage="P" /></ValueSetDefinition><ValueSetDefinition BindingIdentifier="0397" Name="0397" Description="Sequencing" Oid="UNSPECIFIED" Stability="Static" Extensibility="Open" ContentDefinition="Extensional"><ValueElement Value="N" DisplayName="None" CodeSystem="HL70397" Usage="P" /><ValueElement Value="D" DisplayName="Descending" CodeSystem="HL70397" Usage="P" /><ValueElement Value="A" DisplayName="Ascending" CodeSystem="HL70397" Usage="P" /><ValueElement Value="DN" DisplayName="Descending, case insensitive" CodeSystem="HL70397" Usage="P" /><ValueElement Value="AN" DisplayName="Ascending, case insensitive" CodeSystem="HL70397" Usage="P" /></ValueSetDefinition><ValueSetDefinition BindingIdentifier="0064" Name="0064" Description="Financial class" Oid="UNSPECIFIED" Stability="Static" Extensibility="Open" ContentDefinition="Extensional"><ValueElement Value="..." DisplayName="no suggested values" CodeSystem="HL70064" Usage="P" /></ValueSetDefinition><ValueSetDefinition BindingIdentifier="0305" Name="0305" Description="Person location type" Oid="UNSPECIFIED" Stability="Static" Extensibility="Open" ContentDefinition="Extensional"><ValueElement Value="S" DisplayName="SNF" CodeSystem="HL70305" Usage="P" /><ValueElement Value="D" DisplayName="Department" CodeSystem="HL70305" Usage="P" /><ValueElement Value="O" DisplayName="Provider's Office" CodeSystem="HL70305" Usage="P" /><ValueElement Value="H" DisplayName="Home" CodeSystem="HL70305" Usage="P" /><ValueElement Value="P" DisplayName="Phone" CodeSystem="HL70305" Usage="P" /><ValueElement Value="C" DisplayName="Clinic" CodeSystem="HL70305" Usage="P" /><ValueElement Value="N" DisplayName="Nursing Unit" CodeSystem="HL70305" Usage="P" /></ValueSetDefinition><ValueSetDefinition BindingIdentifier="0398" Name="0398" Description="Continuation style code" Oid="UNSPECIFIED" Stability="Static" Extensibility="Open" ContentDefinition="Extensional"><ValueElement Value="F" DisplayName="Fragmentation" CodeSystem="HL70398" Usage="P" /><ValueElement Value="I" DisplayName="Interactive Continuation" CodeSystem="HL70398" Usage="P" /></ValueSetDefinition><ValueSetDefinition BindingIdentifier="0148" Name="0148" Description="Money or percentage indicator" Oid="UNSPECIFIED" Stability="Static" Extensibility="Open" ContentDefinition="Extensional"><ValueElement Value="AT" DisplayName="Currency amount" CodeSystem="HL70148" Usage="P" /><ValueElement Value="PC" DisplayName="Percentage" CodeSystem="HL70148" Usage="P" /></ValueSetDefinition><ValueSetDefinition BindingIdentifier="0396" Name="0396" Description="Coding System" Oid="UNSPECIFIED" Stability="Static" Extensibility="Open" ContentDefinition="Extensional"><ValueElement Value="HCPT" DisplayName="Health Care Provider Taxonomy" CodeSystem="HL70396" Usage="P" /><ValueElement Value="OHA" DisplayName="Omaha System" CodeSystem="HL70396" Usage="P" /><ValueElement Value="I10G2005" DisplayName="ICD 10 Germany 2005" CodeSystem="HL70396" Usage="P" /><ValueElement Value="PLT" DisplayName="CDC PHLIP Lab test codes, where LOINC concept is too broad or not yet available, especially as needed for ordering and or lab to lab reporting )" CodeSystem="HL70396" Usage="P" /><ValueElement Value="SNM" DisplayName="Systemized Nomenclature of Medicine (SNOMED)" CodeSystem="HL70396" Usage="P" /><ValueElement Value="ALPHAID2006" DisplayName="German Alpha-ID v2006" CodeSystem="HL70396" Usage="P" /><ValueElement Value="ICD10CA" DisplayName="ICD-10 Canada" CodeSystem="HL70396" Usage="P" /><ValueElement Value="UB04FL35" DisplayName="Occurrence Span" CodeSystem="HL70396" Usage="P" /><ValueElement Value="AS4" DisplayName="ASTM E1238/ E1467 Universal" CodeSystem="HL70396" Usage="P" /><ValueElement Value="ICDO3" DisplayName="International Classification of Disease for Oncology Third Edition" CodeSystem="HL70396" Usage="P" /><ValueElement Value="USPS" DisplayName="United States Postal Service" CodeSystem="HL70396" Usage="P" /><ValueElement Value="CDCA" DisplayName="CDC Analyte Codes" CodeSystem="HL70396" Usage="P" /><ValueElement Value="ISOnnnn (deprecated)" DisplayName="ISO Defined Codes where nnnn is the ISO table number" CodeSystem="HL70396" Usage="P" /><ValueElement Value="CLP" DisplayName="CLIP" CodeSystem="HL70396" Usage="P" /><ValueElement Value="LB" DisplayName="Local billing code" CodeSystem="HL70396" Usage="P" /><ValueElement Value="E7" DisplayName="Euclides Lab equipment codes" CodeSystem="HL70396" Usage="P" /><ValueElement Value="MEDX" DisplayName="Medical Economics Diagnostic Codes" CodeSystem="HL70396" Usage="P" /><ValueElement Value="FIPS6_4" DisplayName="FIPS 6-4 (County)" CodeSystem="HL70396" Usage="P" /><ValueElement Value="NIC" DisplayName="Nursing Interventions Classification" CodeSystem="HL70396" Usage="P" /><ValueElement Value="GMDC2004" DisplayName="German Major Diagnostic Codes v2004" CodeSystem="HL70396" Usage="P" /><ValueElement Value="NND" DisplayName="Notifiable Event (Disease/Condition) Code List" CodeSystem="HL70396" Usage="P" /><ValueElement Value="HL7nnnn" DisplayName="HL7 Defined Codes where nnnn is the HL7 table number" CodeSystem="HL70396" Usage="P" /><ValueElement Value="OPS2009" DisplayName="OPS Germany v2009" CodeSystem="HL70396" Usage="P" /><ValueElement Value="I9" DisplayName="ICD9" CodeSystem="HL70396" Usage="P" /><ValueElement Value="RXNORM" DisplayName="RxNorm" CodeSystem="HL70396" Usage="P" /><ValueElement Value="I9CP" DisplayName="ICD-9CM Procedure codes" CodeSystem="HL70396" Usage="P" /><ValueElement Value="SOC" DisplayName="Occupation (SOC 2000)" CodeSystem="HL70396" Usage="P" /><ValueElement Value="ALPHAID2009" DisplayName="German Alpha-ID v2009" CodeSystem="HL70396" Usage="P" /><ValueElement Value="ICD10GM2009" DisplayName="ICD 10 Germany v2009" CodeSystem="HL70396" Usage="P" /><ValueElement Value="UCUM" DisplayName="UCUM code set for units of measure(from Regenstrief)" CodeSystem="HL70396" Usage="P" /><ValueElement Value="C4" DisplayName="CPT-4" CodeSystem="HL70396" Usage="P" /><ValueElement Value="ISO" DisplayName="ISO 2955.83 (units of measure) with HL7 extensions" CodeSystem="HL70396" Usage="P" /><ValueElement Value="W4" DisplayName="WHO record # code with ASTM extension" CodeSystem="HL70396" Usage="P" /><ValueElement Value="CDCOBS" DisplayName="CDC BioSense RT observations (Census) - CDC" CodeSystem="HL70396" Usage="P" /><ValueElement Value="IUPP" DisplayName="IUPAC/IFCC Property Codes" CodeSystem="HL70396" Usage="P" /><ValueElement Value="CVX" DisplayName="CDC Vaccine Codes" CodeSystem="HL70396" Usage="P" /><ValueElement Value="MCR" DisplayName="Medicare" CodeSystem="HL70396" Usage="P" /><ValueElement Value="FDAUNII" DisplayName="Unique Ingredient Identifier (UNII)" CodeSystem="HL70396" Usage="P" /><ValueElement Value="NAICS" DisplayName="Industry (NAICS)" CodeSystem="HL70396" Usage="P" /><ValueElement Value="GDRG2006" DisplayName="G-DRG German DRG Codes v2006" CodeSystem="HL70396" Usage="P" /><ValueElement Value="NIP004" DisplayName="Vaccination - Contraindications, Precautions, and Immunities" CodeSystem="HL70396" Usage="P" /><ValueElement Value="GMDC2007" DisplayName="German Major Diagnostic Codes v2007" CodeSystem="HL70396" Usage="P" /><ValueElement Value="NULLFL" DisplayName="Null Flavor" CodeSystem="HL70396" Usage="P" /><ValueElement Value="HB" DisplayName="HIBCC" CodeSystem="HL70396" Usage="P" /><ValueElement Value="O3012005" DisplayName="OPS Germany v2005" CodeSystem="HL70396" Usage="P" /><ValueElement Value="I10" DisplayName="ICD-10" CodeSystem="HL70396" Usage="P" /><ValueElement Value="PHINQUESTION" DisplayName="CDC Public Health Information Network (PHIN) Question" CodeSystem="HL70396" Usage="P" /><ValueElement Value="SDM" DisplayName="SNOMED- DICOM Microglossary" CodeSystem="HL70396" Usage="P" /><ValueElement Value="99zzz" DisplayName="Local general code where z is an alphanumeric character" CodeSystem="HL70396" Usage="P" /><ValueElement Value="IC2" DisplayName="ICHPPC-2" CodeSystem="HL70396" Usage="P" /><ValueElement Value="UB04FL17" DisplayName="Patient Discharge Status" CodeSystem="HL70396" Usage="P" /><ValueElement Value="ANS+" DisplayName="HL7 set of units of measure" CodeSystem="HL70396" Usage="P" /><ValueElement Value="ICDO" DisplayName="International Classification of Diseases for Oncology" CodeSystem="HL70396" Usage="P" /><ValueElement Value="UPC" DisplayName="Universal Product Code" CodeSystem="HL70396" Usage="P" /><ValueElement Value="CCC" DisplayName="Clinical Care Classification system" CodeSystem="HL70396" Usage="P" /><ValueElement Value="ISO4217" DisplayName="ISO4217 Currency Codes" CodeSystem="HL70396" Usage="P" /><ValueElement Value="CDS" DisplayName="CDC Surveillance" CodeSystem="HL70396" Usage="P" /><ValueElement Value="JJ1017" DisplayName="Japanese Image Examination Cache" CodeSystem="HL70396" Usage="P" /><ValueElement Value="E5" DisplayName="Euclides  quantity codes" CodeSystem="HL70396" Usage="P" /><ValueElement Value="MEDC" DisplayName="Medical Economics Drug Codes" CodeSystem="HL70396" Usage="P" /><ValueElement Value="FDK" DisplayName="FDA K10" CodeSystem="HL70396" Usage="P" /><ValueElement Value="NDC" DisplayName="National drug codes" CodeSystem="HL70396" Usage="P" /><ValueElement Value="GDRG2009" DisplayName="G-DRG German DRG Codes v2009" CodeSystem="HL70396" Usage="P" /><ValueElement Value="NIP009" DisplayName="Reported adverse event previously" CodeSystem="HL70396" Usage="P" /><ValueElement Value="HHC" DisplayName="Home Health Care" CodeSystem="HL70396" Usage="P" /><ValueElement Value="OPS2007" DisplayName="OPS Germany v2007" CodeSystem="HL70396" Usage="P" /><ValueElement Value="I10G2006" DisplayName="ICD 10 Germany 2006" CodeSystem="HL70396" Usage="P" /><ValueElement Value="POS" DisplayName="POS Codes" CodeSystem="HL70396" Usage="P" /><ValueElement Value="SNM3" DisplayName="SNOMED International" CodeSystem="HL70396" Usage="P" /><ValueElement Value="ALPHAID2007" DisplayName="German Alpha-ID v2007" CodeSystem="HL70396" Usage="P" /><ValueElement Value="ICD10GM2007" DisplayName="ICD 10 Germany v2007" CodeSystem="HL70396" Usage="P" /><ValueElement Value="UB04FL39" DisplayName="Value Code" CodeSystem="HL70396" Usage="P" /><ValueElement Value="AS4E" DisplayName="AS4 Neurophysiology Codes" CodeSystem="HL70396" Usage="P" /><ValueElement Value="ICS" DisplayName="ICCS" CodeSystem="HL70396" Usage="P" /><ValueElement Value="W1" DisplayName="WHO record # drug codes (6 digit)" CodeSystem="HL70396" Usage="P" /><ValueElement Value="CDCEDACUITY" DisplayName="CDC Emergency Department Acuity" CodeSystem="HL70396" Usage="P" /><ValueElement Value="ITIS" DisplayName="Integrated Taxonomic Information System" CodeSystem="HL70396" Usage="P" /><ValueElement Value="CPTM" DisplayName="CPT Modifier Code" CodeSystem="HL70396" Usage="P" /><ValueElement Value="LN" DisplayName="Logical Observation Identifier Names and Codes (LOINC??)" CodeSystem="HL70396" Usage="P" /><ValueElement Value="ENZC" DisplayName="Enzyme Codes" CodeSystem="HL70396" Usage="P" /><ValueElement Value="MGPI" DisplayName="Medispan GPI" CodeSystem="HL70396" Usage="P" /><ValueElement Value="GDRG2004" DisplayName="G-DRG German DRG Codes v2004" CodeSystem="HL70396" Usage="P" /><ValueElement Value="NIP001" DisplayName="Source of Information (Immunization)" CodeSystem="HL70396" Usage="P" /><ValueElement Value="GMDC2005" DisplayName="German Major Diagnostic Codes v2005" CodeSystem="HL70396" Usage="P" /><ValueElement Value="NPI" DisplayName="National Provider Identifier" CodeSystem="HL70396" Usage="P" /><ValueElement Value="HOT" DisplayName="Japanese Nationwide Medicine Code" CodeSystem="HL70396" Usage="P" /><ValueElement Value="OPS2010" DisplayName="OPS Germany v2010" CodeSystem="HL70396" Usage="P" /><ValueElement Value="I9C" DisplayName="ICD-9CM" CodeSystem="HL70396" Usage="P" /><ValueElement Value="SCT" DisplayName="SNOMED Clinical Terms" CodeSystem="HL70396" Usage="P" /><ValueElement Value="IBT" DisplayName="ISBT" CodeSystem="HL70396" Usage="P" /><ValueElement Value="UB04FL14" DisplayName="Priority (Type) of Visit" CodeSystem="HL70396" Usage="P" /><ValueElement Value="ALPHAID2010" DisplayName="German Alpha-ID v2010" CodeSystem="HL70396" Usage="P" /><ValueElement Value="ICD10GM2010" DisplayName="ICD 10 Germany v2010" CodeSystem="HL70396" Usage="P" /><ValueElement Value="UMD" DisplayName="MDNS" CodeSystem="HL70396" Usage="P" /><ValueElement Value="CAPECC" DisplayName="College of American Pathologists Electronic Cancer Checklist" CodeSystem="HL70396" Usage="P" /><ValueElement Value="ISO3166_1" DisplayName="ISO 3166-1 Country Codes" CodeSystem="HL70396" Usage="P" /><ValueElement Value="WC" DisplayName="WHO ATC" CodeSystem="HL70396" Usage="P" /><ValueElement Value="CDCPHINVS" DisplayName="CDC PHIN Vocabulary Coding System" CodeSystem="HL70396" Usage="P" /><ValueElement Value="JC10" DisplayName="JLAC/JSLM, nationwide laboratory code" CodeSystem="HL70396" Usage="P" /><ValueElement Value="DCM" DisplayName="DICOM Controlled Terminology" CodeSystem="HL70396" Usage="P" /><ValueElement Value="MDC" DisplayName="Medical Device Communication" CodeSystem="HL70396" Usage="P" /><ValueElement Value="FDDC" DisplayName="First DataBank Drug Codes" CodeSystem="HL70396" Usage="P" /><ValueElement Value="NCPDPnnnnsss" DisplayName="NCPDP code list for data element nnnn [as used in segment sss]" CodeSystem="HL70396" Usage="P" /><ValueElement Value="GDRG2007" DisplayName="G-DRG German DRG Codes v2007" CodeSystem="HL70396" Usage="P" /><ValueElement Value="NIP007" DisplayName="Vaccinated at location (facility)" CodeSystem="HL70396" Usage="P" /><ValueElement Value="GMDC2008" DisplayName="German Major Diagnostic Codes v2008" CodeSystem="HL70396" Usage="P" /><ValueElement Value="O301" DisplayName="German Procedure Codes" CodeSystem="HL70396" Usage="P" /><ValueElement Value="HCPCS" DisplayName="CMS (formerly HCFA)  Common Procedure Coding System" CodeSystem="HL70396" Usage="P" /><ValueElement Value="O3012006" DisplayName="OPS Germany v2006" CodeSystem="HL70396" Usage="P" /><ValueElement Value="I10G2004" DisplayName="ICD 10 Germany 2004" CodeSystem="HL70396" Usage="P" /><ValueElement Value="PLR" DisplayName="CDC PHLIP Lab result codes that are not covered in SNOMED at the time of this implementation" CodeSystem="HL70396" Usage="P" /><ValueElement Value="SIC" DisplayName="Industry (SIC)" CodeSystem="HL70396" Usage="P" /><ValueElement Value="ACR" DisplayName="American College of Radiology finding codes" CodeSystem="HL70396" Usage="P" /><ValueElement Value="ICD10AM" DisplayName="ICD-10 Australian modification" CodeSystem="HL70396" Usage="P" /><ValueElement Value="UB04FL31" DisplayName="Occurrence Code" CodeSystem="HL70396" Usage="P" /><ValueElement Value="ART" DisplayName="WHO Adverse Reaction Terms" CodeSystem="HL70396" Usage="P" /><ValueElement Value="ICDO2" DisplayName="International Classification of Disease for Oncology Second Edition" CodeSystem="HL70396" Usage="P" /><ValueElement Value="UPIN" DisplayName="UPIN" CodeSystem="HL70396" Usage="P" /><ValueElement Value="CD2" DisplayName="CDT-2 Codes" CodeSystem="HL70396" Usage="P" /><ValueElement Value="ISO639" DisplayName="ISO 639 Language" CodeSystem="HL70396" Usage="P" /><ValueElement Value="CE (obsolete)" DisplayName="CEN ECG diagnostic codes" CodeSystem="HL70396" Usage="P" /><ValueElement Value="L" DisplayName="Local general code" CodeSystem="HL70396" Usage="P" /><ValueElement Value="E6" DisplayName="Euclides Lab method codes" CodeSystem="HL70396" Usage="P" /><ValueElement Value="MEDR" DisplayName="Medical Dictionary for Drug Regulatory Affairs (MEDDRA)" CodeSystem="HL70396" Usage="P" /><ValueElement Value="FIPS5_2" DisplayName="FIPS 5-2 (State)" CodeSystem="HL70396" Usage="P" /><ValueElement Value="NDFRT" DisplayName="NDF-RT (Drug Classification)" CodeSystem="HL70396" Usage="P" /><ValueElement Value="General code" DisplayName="Active" CodeSystem="HL70396" Usage="P" /><ValueElement Value="NIP010" DisplayName="VAERS Report type" CodeSystem="HL70396" Usage="P" /><ValueElement Value="HI" DisplayName="Health Outcomes" CodeSystem="HL70396" Usage="P" /><ValueElement Value="OPS2008" DisplayName="OPS Germany v2008" CodeSystem="HL70396" Usage="P" /><ValueElement Value="I10P" DisplayName="ICD-10  Procedure Codes" CodeSystem="HL70396" Usage="P" /><ValueElement Value="RC" DisplayName="Read Classification" CodeSystem="HL70396" Usage="P" /><ValueElement Value="SNT" DisplayName="SNOMED topology codes (anatomic sites)" CodeSystem="HL70396" Usage="P" /><ValueElement Value="ALPHAID2008" DisplayName="German Alpha-ID v2008" CodeSystem="HL70396" Usage="P" /><ValueElement Value="ICD10GM2008" DisplayName="ICD 10 Germany v2008" CodeSystem="HL70396" Usage="P" /><ValueElement Value="UC" DisplayName="UCDS" CodeSystem="HL70396" Usage="P" /><ValueElement Value="ATC" DisplayName="American Type Culture Collection" CodeSystem="HL70396" Usage="P" /><ValueElement Value="ICSD" DisplayName="International Classification of Sleep Disorders" CodeSystem="HL70396" Usage="P" /><ValueElement Value="W2" DisplayName="WHO record # drug codes (8 digit)" CodeSystem="HL70396" Usage="P" /><ValueElement Value="CDCM" DisplayName="CDC Methods/Instruments Codes" CodeSystem="HL70396" Usage="P" /><ValueElement Value="IUPC" DisplayName="IUPAC/IFCC Component Codes" CodeSystem="HL70396" Usage="P" /><ValueElement Value="CST" DisplayName="COSTART" CodeSystem="HL70396" Usage="P" /><ValueElement Value="MCD" DisplayName="Medicaid" CodeSystem="HL70396" Usage="P" /><ValueElement Value="EPASRS" DisplayName="EPA SRS" CodeSystem="HL70396" Usage="P" /><ValueElement Value="MVX" DisplayName="CDC Vaccine Manufacturer Codes" CodeSystem="HL70396" Usage="P" /><ValueElement Value="GDRG2005" DisplayName="G-DRG German DRG Codes v2005" CodeSystem="HL70396" Usage="P" /><ValueElement Value="NIP002" DisplayName="Substance refusal reason" CodeSystem="HL70396" Usage="P" /><ValueElement Value="GMDC2006" DisplayName="German Major Diagnostic Codes v2006" CodeSystem="HL70396" Usage="P" /><ValueElement Value="NUBC" DisplayName="National Uniform Billing Committee" CodeSystem="HL70396" Usage="P" /><ValueElement Value="O3012004" DisplayName="OPS Germany v2004" CodeSystem="HL70396" Usage="P" /><ValueElement Value="HPC" DisplayName="CMS (formerly HCFA )Procedure Codes (HCPCS)" CodeSystem="HL70396" Usage="P" /><ValueElement Value="OPS2011" DisplayName="OPS Germany v2011" CodeSystem="HL70396" Usage="P" /><ValueElement Value="I9CDX" DisplayName="ICD-9CM Diagnosis codes" CodeSystem="HL70396" Usage="P" /><ValueElement Value="SCT2" DisplayName="SNOMED Clinical Terms alphanumeric codes" CodeSystem="HL70396" Usage="P" /><ValueElement Value="IBTnnnn" DisplayName="ISBT 128 codes where nnnn  specifies a specific table within ISBT 128." CodeSystem="HL70396" Usage="P" /><ValueElement Value="UB04FL15" DisplayName="Point of Origin" CodeSystem="HL70396" Usage="P" /><ValueElement Value="ALPHAID2011" DisplayName="German Alpha-ID v2011" CodeSystem="HL70396" Usage="P" /><ValueElement Value="ICD10GM2011" DisplayName="ICD 10 Germany v2011" CodeSystem="HL70396" Usage="P" /><ValueElement Value="UML" DisplayName="Unified Medical Language" CodeSystem="HL70396" Usage="P" /><ValueElement Value="CAS" DisplayName="Chemical abstract codes" CodeSystem="HL70396" Usage="P" /><ValueElement Value="ISO3166_2" DisplayName="ISO 3166-2 Country subdivisions" CodeSystem="HL70396" Usage="P" /><ValueElement Value="X12Dennnn" DisplayName="ASC X12 Code List nnnn" CodeSystem="HL70396" Usage="P" /><ValueElement Value="CDCREC" DisplayName="Race &amp; Ethnicity - CDC" CodeSystem="HL70396" Usage="P" /><ValueElement Value="JC8" DisplayName="Japanese Chemistry" CodeSystem="HL70396" Usage="P" /><ValueElement Value="E" DisplayName="EUCLIDES" CodeSystem="HL70396" Usage="P" /><ValueElement Value="MDDX" DisplayName="Medispan Diagnostic Codes" CodeSystem="HL70396" Usage="P" /><ValueElement Value="FDDX" DisplayName="First DataBank Diagnostic Codes" CodeSystem="HL70396" Usage="P" /><ValueElement Value="NDA" DisplayName="NANDA" CodeSystem="HL70396" Usage="P" /><ValueElement Value="GDRG2008" DisplayName="G-DRG German DRG Codes v2008" CodeSystem="HL70396" Usage="P" /><ValueElement Value="NIP008" DisplayName="Vaccine purchased with (Type of funding)" CodeSystem="HL70396" Usage="P" /><ValueElement Value="GMDC2009" DisplayName="German Major Diagnostic Codes v2009" CodeSystem="HL70396" Usage="P" /></ValueSetDefinition><ValueSetDefinition BindingIdentifier="0529_6843888" Name="0529" Description="Precision" Oid="UNSPECIFIED" Stability="Static" Extensibility="Open" ContentDefinition="Extensional"><ValueElement Value="M" DisplayName="minute" CodeSystem="HL70529" Usage="P" /><ValueElement Value="H" DisplayName="hour" CodeSystem="HL70529" Usage="P" /><ValueElement Value="S" DisplayName="second" CodeSystem="HL70529" Usage="P" /><ValueElement Value="L" DisplayName="month" CodeSystem="HL70529" Usage="P" /><ValueElement Value="Y" DisplayName="year" CodeSystem="HL70529" Usage="P" /><ValueElement Value="D" DisplayName="day" CodeSystem="HL70529" Usage="P" /></ValueSetDefinition></ValueSetDefinitions><ValueSetDefinitions Group="CDC-IZ" Order="2"><ValueSetDefinition BindingIdentifier="CDCREC_R_IZ" Name="CDCREC_R_IZ" Description="Race" /><ValueSetDefinition BindingIdentifier="CDCREC_E_IZ" Name="CDCREC_E_IZ" Description="Ethnic Group" /><ValueSetDefinition BindingIdentifier="NCIT" Name="NCIT" Description="Route of administration" /><ValueSetDefinition BindingIdentifier="CVX" Name="CVX" Description="Codes for Vaccines administered" /><ValueSetDefinition BindingIdentifier="NIP002" Name="NIP002" Description="Substance refusal reason" /><ValueSetDefinition BindingIdentifier="MVX" Name="MVX" Description="Manufacturers of vaccines" /><ValueSetDefinition BindingIdentifier="NIP001" Name="NIP001" Description="Immunization information source" /><ValueSetDefinition BindingIdentifier="UCUM" Name="UCUM" Description="Volume Mass Units " /><ValueSetDefinition BindingIdentifier="PHVS_ImmunizationProfileIdentifier_IIS" Name="PHVS_ImmunizationProfileIdentifier_IIS" Description="Immunization Profile Identifier (IIS)" /><ValueSetDefinition BindingIdentifier="UCUM_0353_IZ" Name="UCUM_0353_IZ" Description="This is value set is a combination of UCUM and the value 'NA' drawn from HL70353. This accommodates cases where there is not a Unit of Measure." /><ValueSetDefinition BindingIdentifier="NIP003" Name="NIP003" Description="Observation identifiers " /><ValueSetDefinition BindingIdentifier="PHVS_FundingEligibilityObsMethod_IIS" Name="PHVS_FundingEligibilityObsMethod_IIS" Description="Funding Eligibility Observation Method (IIS)" /></ValueSetDefinitions></ValueSetLibrary>
